user_id,timestamp,transaction_amount,location,device_id,typing_speed,touch_pressure
user_58082737,2025-04-28 01:17:06,2469.24,"New York, USA",iphone14-pro-max,48.3,0.67
user_58082737,2025-04-25 15:12:06,1499.63,"London, UK",macbook-air,45.26,1.4
user_58082737,2025-04-23 17:11:06,4581.2,"London, UK",pixel-6,47.68,1.17
user_58082737,2025-04-26 22:04:06,3374.47,"London, UK",ipad-pro,72.07,1.18
user_58082737,2025-04-25 08:54:06,1076.28,"New York, USA",macbook-air,46.84,1.05
user_58082737,2025-04-25 09:04:06,147.54,"New York, USA",samsung-s23,63.88,0.54
user_58082737,2025-04-28 22:56:06,4912.32,"London, UK",macbook-air,69.52,0.59
user_58082737,2025-04-24 15:58:06,2640.18,"Mumbai, India",ipad-pro,75.03,1.16
user_58082737,2025-04-23 10:56:06,4596.3,"Paris, France",macbook-air,73.89,0.76
user_58082737,2025-04-26 14:11:06,512.75,"London, UK",ipad-pro,53.73,0.65
user_58082737,2025-04-28 02:38:06,3550.45,"Paris, France",pixel-6,32.87,1.23
user_58082737,2025-04-22 05:48:06,4350.5,"Paris, France",iphone14-pro-max,52.38,1.42
user_58082737,2025-04-28 00:07:06,3693.13,"New York, USA",iphone14-pro-max,30.71,0.62
user_58082737,2025-04-24 14:07:06,4770.56,"Paris, France",ipad-pro,62.61,1.31
user_58082737,2025-04-27 16:52:06,1790.63,"New York, USA",iphone14-pro-max,54.85,1.29
user_58082737,2025-04-24 22:42:06,922.0,"New York, USA",ipad-pro,67.71,1.39
user_58082737,2025-04-22 18:48:06,4598.79,"Los Angeles, USA",iphone14-pro-max,36.04,0.91
user_58082737,2025-04-22 11:14:06,835.51,"New York, USA",macbook-air,33.75,0.89
user_58082737,2025-04-26 08:09:06,2450.69,"New York, USA",macbook-air,40.39,1.2
user_58082737,2025-04-28 18:47:06,491.84,"New York, USA",samsung-s23,43.72,1.46
user_b424b738,2025-04-24 20:55:06,3916.38,"London, UK",pixel-6,65.07,1.28
user_b424b738,2025-04-26 15:55:06,1792.42,"Mumbai, India",macbook-air,62.63,1.4
user_b424b738,2025-04-23 05:38:06,4509.01,"London, UK",pixel-6,32.31,1.14
user_b424b738,2025-04-23 00:24:06,4519.8,"Paris, France",ipad-pro,41.88,0.83
user_b424b738,2025-04-26 17:18:06,1469.72,"Paris, France",samsung-s23,72.31,1.2
user_b424b738,2025-04-23 22:02:06,1823.85,"New York, USA",ipad-pro,56.08,1.29
user_b424b738,2025-04-28 00:09:06,4827.27,"Mumbai, India",samsung-s23,35.47,0.87
user_b424b738,2025-04-22 18:51:06,2116.81,"New York, USA",samsung-s23,49.47,1.42
user_b424b738,2025-04-22 14:34:06,4254.58,"New York, USA",macbook-air,32.17,0.65
user_b424b738,2025-04-22 10:04:06,1128.33,"London, UK",samsung-s23,56.87,1.21
user_b424b738,2025-04-23 22:09:06,1041.83,"London, UK",samsung-s23,61.63,1.13
user_b424b738,2025-04-27 21:24:06,387.46,"London, UK",pixel-6,78.23,1.4
user_b424b738,2025-04-22 20:54:06,4443.59,"Los Angeles, USA",samsung-s23,66.17,0.9
user_b424b738,2025-04-27 03:37:06,947.97,"New York, USA",ipad-pro,43.67,0.72
user_b424b738,2025-04-24 12:15:06,3689.97,"London, UK",macbook-air,45.59,0.56
user_b424b738,2025-04-28 20:35:06,2355.73,"Mumbai, India",samsung-s23,47.1,0.98
user_b424b738,2025-04-27 15:26:06,4015.02,"Mumbai, India",macbook-air,38.61,1.2
user_b424b738,2025-04-22 05:45:06,4524.44,"Mumbai, India",macbook-air,36.35,1.07
user_b424b738,2025-04-22 19:59:06,680.45,"Mumbai, India",samsung-s23,47.65,1.47
user_b424b738,2025-04-27 08:59:06,4114.86,"Los Angeles, USA",macbook-air,64.11,1.06
user_a13d30ba,2025-04-28 15:09:06,545.31,"Mumbai, India",macbook-air,43.68,1.41
user_a13d30ba,2025-04-25 09:17:06,1313.46,"New York, USA",iphone14-pro-max,32.81,1.49
user_a13d30ba,2025-04-27 09:52:06,3565.08,"New York, USA",ipad-pro,73.38,1.26
user_a13d30ba,2025-04-25 11:28:06,2119.94,"New York, USA",macbook-air,46.36,0.69
user_a13d30ba,2025-04-25 10:47:06,4085.62,"Los Angeles, USA",samsung-s23,58.1,1.2
user_a13d30ba,2025-04-26 04:00:06,163.4,"London, UK",macbook-air,36.1,0.53
user_a13d30ba,2025-04-22 11:26:06,3394.92,"London, UK",pixel-6,39.22,0.67
user_a13d30ba,2025-04-23 06:49:06,184.05,"London, UK",samsung-s23,43.04,1.03
user_a13d30ba,2025-04-29 00:33:06,2013.21,"Los Angeles, USA",samsung-s23,37.96,0.57
user_a13d30ba,2025-04-27 12:37:06,3033.25,"Mumbai, India",macbook-air,58.09,1.03
user_a13d30ba,2025-04-23 16:46:06,1356.93,"New York, USA",samsung-s23,38.25,1.22
user_a13d30ba,2025-04-28 20:05:06,4103.48,"London, UK",ipad-pro,37.29,1.46
user_a13d30ba,2025-04-23 21:50:06,1054.43,"Mumbai, India",ipad-pro,55.93,0.6
user_a13d30ba,2025-04-25 02:52:06,3719.53,"Los Angeles, USA",samsung-s23,37.71,1.33
user_a13d30ba,2025-04-26 13:25:06,3068.46,"New York, USA",iphone14-pro-max,32.01,0.67
user_a13d30ba,2025-04-28 05:30:06,378.82,"Los Angeles, USA",macbook-air,49.34,1.01
user_a13d30ba,2025-04-23 02:23:06,246.4,"New York, USA",ipad-pro,52.23,1.14
user_a13d30ba,2025-04-25 19:52:06,864.97,"London, UK",iphone14-pro-max,69.71,1.48
user_a13d30ba,2025-04-27 05:57:06,4625.71,"Los Angeles, USA",ipad-pro,49.38,0.92
user_a13d30ba,2025-04-27 04:09:06,3005.65,"London, UK",ipad-pro,78.96,0.99
user_a8b4ff6f,2025-04-22 15:26:06,3100.22,"London, UK",macbook-air,78.78,1.18
user_a8b4ff6f,2025-04-26 08:10:06,489.49,"New York, USA",macbook-air,44.99,1.09
user_a8b4ff6f,2025-04-25 17:23:06,3620.73,"Paris, France",pixel-6,38.4,0.64
user_a8b4ff6f,2025-04-23 06:04:06,2765.23,"London, UK",pixel-6,58.53,1.36
user_a8b4ff6f,2025-04-28 05:20:06,2524.02,"New York, USA",iphone14-pro-max,72.35,1.38
user_a8b4ff6f,2025-04-28 23:53:06,2612.22,"Los Angeles, USA",iphone14-pro-max,49.78,0.6
user_a8b4ff6f,2025-04-29 00:48:06,866.01,"London, UK",samsung-s23,75.87,0.91
user_a8b4ff6f,2025-04-27 03:19:06,3608.88,"New York, USA",iphone14-pro-max,31.02,1.3
user_a8b4ff6f,2025-04-24 16:39:06,4547.2,"Paris, France",iphone14-pro-max,46.77,0.77
user_a8b4ff6f,2025-04-22 03:46:06,815.85,"Mumbai, India",ipad-pro,74.52,1.08
user_a8b4ff6f,2025-04-22 16:13:06,2789.05,"Los Angeles, USA",ipad-pro,73.28,0.77
user_a8b4ff6f,2025-04-23 02:22:06,3493.17,"London, UK",macbook-air,73.32,1.07
user_a8b4ff6f,2025-04-23 11:56:06,4238.74,"Los Angeles, USA",pixel-6,34.29,0.5
user_a8b4ff6f,2025-04-26 06:14:06,3354.85,"London, UK",pixel-6,62.97,0.64
user_a8b4ff6f,2025-04-22 05:15:06,4095.61,"Los Angeles, USA",ipad-pro,69.72,1.18
user_a8b4ff6f,2025-04-28 18:43:06,3648.64,"London, UK",samsung-s23,73.23,0.58
user_a8b4ff6f,2025-04-25 15:16:06,1945.0,"Los Angeles, USA",ipad-pro,77.01,0.86
user_a8b4ff6f,2025-04-22 10:17:06,1717.71,"London, UK",samsung-s23,48.57,1.14
user_a8b4ff6f,2025-04-22 07:21:06,4377.14,"Mumbai, India",iphone14-pro-max,38.05,1.21
user_a8b4ff6f,2025-04-22 05:26:06,4157.78,"New York, USA",ipad-pro,52.28,0.66
user_54f25982,2025-04-28 22:56:06,1999.74,"London, UK",iphone14-pro-max,74.51,1.18
user_54f25982,2025-04-26 19:01:06,4777.34,"Paris, France",macbook-air,67.58,0.87
user_54f25982,2025-04-23 23:15:06,2338.2,"London, UK",pixel-6,61.87,1.15
user_54f25982,2025-04-22 13:27:06,2440.66,"Mumbai, India",ipad-pro,47.73,1.2
user_54f25982,2025-04-24 13:32:06,1210.2,"Mumbai, India",macbook-air,42.71,0.69
user_54f25982,2025-04-27 09:26:06,336.32,"Los Angeles, USA",samsung-s23,72.63,0.68
user_54f25982,2025-04-22 15:23:06,303.11,"New York, USA",ipad-pro,49.32,1.11
user_54f25982,2025-04-23 22:23:06,2018.88,"New York, USA",pixel-6,35.6,1.16
user_54f25982,2025-04-25 07:57:06,3788.23,"London, UK",macbook-air,51.65,1.43
user_54f25982,2025-04-25 20:29:06,404.11,"London, UK",samsung-s23,41.1,0.86
user_54f25982,2025-04-27 20:22:06,3953.2,"New York, USA",iphone14-pro-max,42.91,0.69
user_54f25982,2025-04-25 16:27:06,500.28,"Mumbai, India",samsung-s23,76.06,0.66
user_54f25982,2025-04-27 19:20:06,737.27,"Mumbai, India",pixel-6,33.5,1.24
user_54f25982,2025-04-23 10:34:06,1722.68,"Los Angeles, USA",iphone14-pro-max,53.27,0.79
user_54f25982,2025-04-26 16:02:06,3175.51,"Mumbai, India",samsung-s23,47.27,0.53
user_54f25982,2025-04-25 11:21:06,4794.98,"Mumbai, India",ipad-pro,58.57,0.88
user_54f25982,2025-04-23 09:17:06,2173.42,"Paris, France",pixel-6,59.57,1.44
user_54f25982,2025-04-24 11:00:06,4438.6,"London, UK",macbook-air,64.26,0.74
user_54f25982,2025-04-23 15:42:06,1905.62,"Mumbai, India",samsung-s23,46.22,0.84
user_54f25982,2025-04-27 05:16:06,4437.52,"New York, USA",macbook-air,42.4,1.26
user_14268976,2025-04-27 08:01:06,2090.97,"Paris, France",iphone14-pro-max,32.51,1.42
user_14268976,2025-04-29 00:12:06,1460.12,"Mumbai, India",pixel-6,78.39,1.18
user_14268976,2025-04-27 17:43:06,2422.5,"Los Angeles, USA",pixel-6,32.62,0.55
user_14268976,2025-04-27 06:16:06,3480.52,"Paris, France",iphone14-pro-max,56.51,1.03
user_14268976,2025-04-24 20:29:06,1810.15,"Los Angeles, USA",iphone14-pro-max,62.67,1.0
user_14268976,2025-04-26 16:14:06,3580.2,"Mumbai, India",ipad-pro,32.95,1.29
user_14268976,2025-04-22 16:33:06,3827.14,"Mumbai, India",pixel-6,71.6,1.42
user_14268976,2025-04-22 04:58:06,2540.54,"Mumbai, India",iphone14-pro-max,53.39,0.98
user_14268976,2025-04-28 18:59:06,2529.6,"New York, USA",pixel-6,79.65,1.46
user_14268976,2025-04-27 19:25:06,141.75,"London, UK",iphone14-pro-max,60.73,0.89
user_14268976,2025-04-22 09:48:06,1952.19,"London, UK",samsung-s23,77.97,0.66
user_14268976,2025-04-22 15:10:06,3127.4,"Paris, France",pixel-6,74.41,1.04
user_14268976,2025-04-23 00:02:06,1393.93,"London, UK",ipad-pro,32.23,1.37
user_14268976,2025-04-26 11:50:06,4522.63,"London, UK",pixel-6,31.99,0.66
user_14268976,2025-04-24 16:46:06,4241.83,"Mumbai, India",ipad-pro,36.89,0.79
user_14268976,2025-04-28 04:09:06,2026.52,"Mumbai, India",samsung-s23,52.89,0.52
user_14268976,2025-04-23 08:07:06,384.17,"Mumbai, India",macbook-air,30.69,0.96
user_14268976,2025-04-27 19:38:06,426.64,"Mumbai, India",macbook-air,74.73,1.19
user_14268976,2025-04-24 04:08:06,4986.62,"New York, USA",samsung-s23,59.56,0.7
user_14268976,2025-04-25 09:12:06,4377.52,"New York, USA",macbook-air,42.88,1.28
user_86a7c636,2025-04-26 13:46:06,4166.59,"Los Angeles, USA",ipad-pro,33.22,0.82
user_86a7c636,2025-04-23 16:23:06,3930.91,"Los Angeles, USA",macbook-air,39.71,0.72
user_86a7c636,2025-04-26 17:55:06,3839.58,"Paris, France",iphone14-pro-max,79.05,1.12
user_86a7c636,2025-04-27 02:04:06,3781.64,"London, UK",macbook-air,44.36,0.7
user_86a7c636,2025-04-23 07:14:06,4613.0,"Los Angeles, USA",ipad-pro,57.19,0.97
user_86a7c636,2025-04-22 08:30:06,2127.77,"Mumbai, India",ipad-pro,66.71,0.96
user_86a7c636,2025-04-29 01:05:06,3477.35,"Mumbai, India",macbook-air,75.27,1.06
user_86a7c636,2025-04-26 10:24:06,2481.73,"London, UK",samsung-s23,39.11,1.09
user_86a7c636,2025-04-25 12:21:06,2818.7,"Paris, France",ipad-pro,65.44,0.62
user_86a7c636,2025-04-28 09:11:06,3753.81,"London, UK",iphone14-pro-max,73.1,1.07
user_86a7c636,2025-04-27 08:22:06,2974.78,"London, UK",ipad-pro,65.8,0.56
user_86a7c636,2025-04-23 06:02:06,914.86,"Los Angeles, USA",iphone14-pro-max,45.1,1.27
user_86a7c636,2025-04-26 15:29:06,2584.32,"Los Angeles, USA",pixel-6,77.9,0.76
user_86a7c636,2025-04-25 03:35:06,1520.0,"New York, USA",macbook-air,75.21,1.06
user_86a7c636,2025-04-27 16:00:06,2007.77,"Los Angeles, USA",macbook-air,53.07,0.54
user_86a7c636,2025-04-25 12:32:06,4953.38,"Los Angeles, USA",samsung-s23,32.8,1.43
user_86a7c636,2025-04-26 04:10:06,3648.85,"Los Angeles, USA",pixel-6,56.48,1.09
user_86a7c636,2025-04-28 14:47:06,2667.7,"Los Angeles, USA",pixel-6,54.75,0.81
user_86a7c636,2025-04-28 19:54:06,1302.34,"Paris, France",iphone14-pro-max,31.18,1.44
user_86a7c636,2025-04-26 10:49:06,2764.91,"New York, USA",ipad-pro,30.76,1.46
user_80a2d7ae,2025-04-25 18:24:06,4431.66,"Los Angeles, USA",samsung-s23,41.6,0.67
user_80a2d7ae,2025-04-28 16:52:06,1829.23,"Paris, France",ipad-pro,51.79,0.72
user_80a2d7ae,2025-04-23 03:13:06,2562.46,"New York, USA",samsung-s23,63.07,0.53
user_80a2d7ae,2025-04-27 16:51:06,932.42,"New York, USA",ipad-pro,78.25,1.09
user_80a2d7ae,2025-04-25 14:14:06,3317.22,"Los Angeles, USA",iphone14-pro-max,56.34,0.56
user_80a2d7ae,2025-04-24 13:19:06,3567.71,"New York, USA",samsung-s23,66.72,1.42
user_80a2d7ae,2025-04-23 16:48:06,4881.96,"London, UK",iphone14-pro-max,46.44,0.65
user_80a2d7ae,2025-04-25 18:03:06,4002.45,"Los Angeles, USA",macbook-air,34.82,0.68
user_80a2d7ae,2025-04-28 10:06:06,2096.85,"Los Angeles, USA",pixel-6,48.46,0.75
user_80a2d7ae,2025-04-25 15:45:06,3019.53,"Mumbai, India",macbook-air,74.6,0.84
user_80a2d7ae,2025-04-26 16:39:06,3921.24,"Los Angeles, USA",macbook-air,34.05,1.32
user_80a2d7ae,2025-04-27 11:21:06,2199.38,"Mumbai, India",iphone14-pro-max,41.27,1.23
user_80a2d7ae,2025-04-23 07:58:06,1498.51,"Paris, France",samsung-s23,49.18,1.0
user_80a2d7ae,2025-04-27 15:47:06,2034.12,"London, UK",pixel-6,40.81,0.61
user_80a2d7ae,2025-04-28 13:18:06,983.57,"Paris, France",pixel-6,53.68,1.28
user_80a2d7ae,2025-04-23 13:12:06,1178.2,"Mumbai, India",pixel-6,36.61,1.49
user_80a2d7ae,2025-04-25 13:42:06,2071.37,"Paris, France",ipad-pro,36.11,1.08
user_80a2d7ae,2025-04-27 04:32:06,1440.39,"Paris, France",pixel-6,75.6,1.37
user_80a2d7ae,2025-04-26 12:19:06,2584.74,"Mumbai, India",macbook-air,36.27,1.21
user_80a2d7ae,2025-04-29 01:00:06,788.65,"Paris, France",pixel-6,68.09,1.45
user_fb59cf5c,2025-04-27 10:58:06,4119.38,"Los Angeles, USA",pixel-6,60.15,0.95
user_fb59cf5c,2025-04-24 09:23:06,2336.84,"Mumbai, India",macbook-air,60.98,0.81
user_fb59cf5c,2025-04-28 08:10:06,4464.19,"Paris, France",macbook-air,52.15,0.55
user_fb59cf5c,2025-04-22 16:04:06,3574.14,"Mumbai, India",pixel-6,44.87,0.73
user_fb59cf5c,2025-04-25 12:45:06,2988.84,"Paris, France",pixel-6,59.73,1.46
user_fb59cf5c,2025-04-25 04:57:06,4707.02,"New York, USA",iphone14-pro-max,76.38,0.51
user_fb59cf5c,2025-04-24 02:30:06,1216.0,"London, UK",ipad-pro,63.35,1.17
user_fb59cf5c,2025-04-25 09:43:06,1642.48,"Paris, France",ipad-pro,67.74,0.97
user_fb59cf5c,2025-04-25 20:48:06,4938.47,"Los Angeles, USA",macbook-air,64.68,0.79
user_fb59cf5c,2025-04-25 15:30:06,250.51,"New York, USA",ipad-pro,62.08,1.21
user_fb59cf5c,2025-04-24 16:54:06,3558.61,"Paris, France",samsung-s23,46.17,1.44
user_fb59cf5c,2025-04-25 09:37:06,1272.74,"Paris, France",ipad-pro,53.13,0.6
user_fb59cf5c,2025-04-27 07:05:06,1715.31,"London, UK",iphone14-pro-max,72.18,0.58
user_fb59cf5c,2025-04-23 01:18:06,221.88,"Mumbai, India",samsung-s23,33.56,0.82
user_fb59cf5c,2025-04-23 17:57:06,2361.35,"Mumbai, India",macbook-air,37.33,0.85
user_fb59cf5c,2025-04-28 04:32:06,1409.32,"New York, USA",samsung-s23,33.5,1.21
user_fb59cf5c,2025-04-26 04:36:06,1829.96,"London, UK",ipad-pro,46.51,0.83
user_fb59cf5c,2025-04-26 05:31:06,1877.21,"London, UK",ipad-pro,57.75,1.04
user_fb59cf5c,2025-04-25 23:47:06,2372.21,"Los Angeles, USA",ipad-pro,69.01,0.74
user_fb59cf5c,2025-04-23 20:45:06,794.89,"New York, USA",macbook-air,61.76,0.67
user_b5077b95,2025-04-28 10:46:06,4178.75,"Los Angeles, USA",samsung-s23,74.85,0.8
user_b5077b95,2025-04-27 03:54:06,4683.03,"Los Angeles, USA",pixel-6,71.92,1.41
user_b5077b95,2025-04-22 04:04:06,3340.42,"Los Angeles, USA",iphone14-pro-max,34.29,1.06
user_b5077b95,2025-04-23 00:49:06,2562.75,"London, UK",iphone14-pro-max,31.49,1.3
user_b5077b95,2025-04-26 22:02:06,620.79,"London, UK",macbook-air,72.82,1.01
user_b5077b95,2025-04-24 11:45:06,1081.8,"New York, USA",iphone14-pro-max,72.41,1.14
user_b5077b95,2025-04-28 13:39:06,3428.74,"Los Angeles, USA",iphone14-pro-max,39.15,0.69
user_b5077b95,2025-04-23 09:09:06,3233.9,"Mumbai, India",samsung-s23,66.79,0.97
user_b5077b95,2025-04-29 00:21:06,2770.18,"Paris, France",ipad-pro,55.21,0.58
user_b5077b95,2025-04-23 16:59:06,2900.56,"London, UK",samsung-s23,76.52,1.11
user_b5077b95,2025-04-23 04:25:06,1369.71,"London, UK",macbook-air,50.81,0.9
user_b5077b95,2025-04-22 23:27:06,1257.05,"London, UK",samsung-s23,64.85,1.49
user_b5077b95,2025-04-27 13:34:06,155.2,"London, UK",iphone14-pro-max,33.47,0.78
user_b5077b95,2025-04-24 17:34:06,4861.95,"Mumbai, India",samsung-s23,75.79,0.79
user_b5077b95,2025-04-25 17:26:06,2867.63,"Mumbai, India",samsung-s23,54.88,0.86
user_b5077b95,2025-04-22 21:57:06,3562.94,"New York, USA",ipad-pro,43.38,0.61
user_b5077b95,2025-04-24 03:26:06,2640.32,"Los Angeles, USA",samsung-s23,76.33,1.16
user_b5077b95,2025-04-25 18:35:06,2278.54,"Mumbai, India",iphone14-pro-max,42.49,0.54
user_b5077b95,2025-04-26 08:39:06,2833.35,"London, UK",pixel-6,61.2,0.9
user_b5077b95,2025-04-23 12:39:06,2298.62,"New York, USA",macbook-air,47.58,1.36
user_8d11572c,2025-04-25 06:28:06,1524.86,"New York, USA",iphone14-pro-max,34.11,1.3
user_8d11572c,2025-04-22 14:30:06,3376.16,"New York, USA",samsung-s23,46.53,1.2
user_8d11572c,2025-04-23 16:13:06,4964.17,"London, UK",pixel-6,76.03,1.21
user_8d11572c,2025-04-29 00:16:06,1605.72,"Los Angeles, USA",macbook-air,55.5,0.8
user_8d11572c,2025-04-26 03:55:06,2727.46,"Mumbai, India",samsung-s23,59.74,0.52
user_8d11572c,2025-04-27 23:07:06,3631.46,"Mumbai, India",iphone14-pro-max,63.71,0.98
user_8d11572c,2025-04-23 13:39:06,2806.29,"London, UK",samsung-s23,79.87,1.07
user_8d11572c,2025-04-27 11:05:06,4872.9,"New York, USA",macbook-air,58.16,1.29
user_8d11572c,2025-04-23 10:50:06,1348.96,"Mumbai, India",macbook-air,57.51,0.76
user_8d11572c,2025-04-27 21:04:06,859.69,"London, UK",pixel-6,66.4,1.39
user_8d11572c,2025-04-22 08:46:06,987.24,"Paris, France",pixel-6,35.55,1.03
user_8d11572c,2025-04-22 22:20:06,1044.69,"New York, USA",ipad-pro,77.45,0.59
user_8d11572c,2025-04-24 08:33:06,2397.19,"Los Angeles, USA",samsung-s23,40.77,0.51
user_8d11572c,2025-04-28 07:49:06,4303.03,"Paris, France",samsung-s23,48.2,1.36
user_8d11572c,2025-04-23 17:03:06,3300.49,"New York, USA",macbook-air,70.58,1.2
user_8d11572c,2025-04-26 13:32:06,2204.13,"Paris, France",samsung-s23,72.16,1.1
user_8d11572c,2025-04-26 22:12:06,2921.81,"Paris, France",samsung-s23,35.19,1.46
user_8d11572c,2025-04-22 08:25:06,4844.98,"London, UK",ipad-pro,45.12,0.83
user_8d11572c,2025-04-27 21:03:06,2946.36,"Los Angeles, USA",samsung-s23,50.2,1.2
user_8d11572c,2025-04-23 17:27:06,3105.15,"London, UK",iphone14-pro-max,50.54,0.84
user_3fcfefc1,2025-04-27 18:50:06,1133.85,"New York, USA",samsung-s23,39.13,1.31
user_3fcfefc1,2025-04-25 04:16:06,1010.32,"Mumbai, India",iphone14-pro-max,58.95,1.0
user_3fcfefc1,2025-04-27 01:11:06,4147.8,"London, UK",pixel-6,41.41,1.28
user_3fcfefc1,2025-04-25 20:17:06,2725.39,"New York, USA",pixel-6,32.77,1.21
user_3fcfefc1,2025-04-26 16:29:06,4550.54,"Paris, France",pixel-6,51.79,1.28
user_3fcfefc1,2025-04-25 23:37:06,3048.08,"New York, USA",iphone14-pro-max,41.81,1.01
user_3fcfefc1,2025-04-23 13:21:06,331.61,"Mumbai, India",ipad-pro,43.69,1.24
user_3fcfefc1,2025-04-24 08:10:06,1737.49,"Mumbai, India",ipad-pro,67.64,0.62
user_3fcfefc1,2025-04-25 05:58:06,3574.61,"Mumbai, India",macbook-air,35.75,1.03
user_3fcfefc1,2025-04-26 17:15:06,2446.25,"New York, USA",samsung-s23,73.85,0.76
user_3fcfefc1,2025-04-25 23:44:06,1244.19,"London, UK",macbook-air,49.09,1.0
user_3fcfefc1,2025-04-22 07:37:06,2161.47,"Mumbai, India",pixel-6,37.04,1.1
user_3fcfefc1,2025-04-25 16:20:06,3217.47,"New York, USA",iphone14-pro-max,62.31,0.78
user_3fcfefc1,2025-04-27 02:18:06,509.57,"New York, USA",pixel-6,63.51,0.87
user_3fcfefc1,2025-04-29 00:04:06,2059.28,"Mumbai, India",pixel-6,56.27,1.43
user_3fcfefc1,2025-04-26 16:38:06,3019.66,"London, UK",macbook-air,66.13,1.4
user_3fcfefc1,2025-04-24 12:49:06,4461.68,"Mumbai, India",ipad-pro,56.92,0.84
user_3fcfefc1,2025-04-27 04:52:06,703.35,"Paris, France",pixel-6,41.96,1.23
user_3fcfefc1,2025-04-27 13:08:06,4498.27,"Paris, France",macbook-air,32.99,1.13
user_3fcfefc1,2025-04-22 11:28:06,2435.05,"Los Angeles, USA",samsung-s23,78.81,1.24
user_5e392181,2025-04-22 04:24:06,4629.59,"Los Angeles, USA",ipad-pro,38.48,1.35
user_5e392181,2025-04-24 13:40:06,4715.16,"Mumbai, India",samsung-s23,56.58,0.88
user_5e392181,2025-04-26 01:43:06,2659.37,"London, UK",macbook-air,66.44,0.54
user_5e392181,2025-04-23 17:19:06,4358.56,"Los Angeles, USA",ipad-pro,71.19,0.74
user_5e392181,2025-04-25 09:29:06,3742.52,"London, UK",ipad-pro,57.97,1.23
user_5e392181,2025-04-25 04:38:06,2190.92,"Los Angeles, USA",samsung-s23,72.06,0.86
user_5e392181,2025-04-24 11:12:06,2231.27,"Paris, France",ipad-pro,63.41,0.81
user_5e392181,2025-04-28 02:13:06,1830.76,"Paris, France",macbook-air,55.65,1.04
user_5e392181,2025-04-23 20:40:06,2909.38,"New York, USA",pixel-6,44.7,1.48
user_5e392181,2025-04-25 09:39:06,4835.27,"New York, USA",macbook-air,76.03,0.64
user_5e392181,2025-04-27 02:43:06,1803.41,"Los Angeles, USA",samsung-s23,41.43,0.69
user_5e392181,2025-04-27 15:45:06,3578.7,"London, UK",iphone14-pro-max,55.62,1.16
user_5e392181,2025-04-23 20:47:06,3242.78,"London, UK",iphone14-pro-max,46.34,1.1
user_5e392181,2025-04-29 01:25:06,4119.33,"London, UK",samsung-s23,36.43,0.51
user_5e392181,2025-04-24 10:25:06,17.8,"Los Angeles, USA",ipad-pro,56.48,1.13
user_5e392181,2025-04-25 22:36:06,679.5,"Paris, France",samsung-s23,46.94,1.48
user_5e392181,2025-04-27 23:34:06,1448.19,"Paris, France",macbook-air,41.4,1.35
user_5e392181,2025-04-23 21:36:06,3931.84,"Mumbai, India",pixel-6,53.27,1.11
user_5e392181,2025-04-24 15:38:06,2331.01,"Mumbai, India",ipad-pro,78.56,1.07
user_5e392181,2025-04-22 23:09:06,838.72,"London, UK",pixel-6,30.1,1.48
user_e2073b28,2025-04-25 20:14:06,2278.17,"Paris, France",iphone14-pro-max,52.62,0.74
user_e2073b28,2025-04-23 13:00:06,3748.25,"New York, USA",ipad-pro,55.06,0.61
user_e2073b28,2025-04-27 03:24:06,2506.9,"Paris, France",pixel-6,52.33,0.6
user_e2073b28,2025-04-23 01:25:06,833.09,"Mumbai, India",pixel-6,74.35,0.63
user_e2073b28,2025-04-24 11:56:06,4720.26,"Mumbai, India",samsung-s23,74.07,1.49
user_e2073b28,2025-04-22 12:20:06,1921.55,"Los Angeles, USA",ipad-pro,45.7,0.53
user_e2073b28,2025-04-23 20:14:06,97.3,"Mumbai, India",macbook-air,33.79,1.42
user_e2073b28,2025-04-27 19:09:06,4845.71,"Paris, France",iphone14-pro-max,42.43,0.99
user_e2073b28,2025-04-23 00:51:06,2267.31,"Los Angeles, USA",macbook-air,37.46,1.37
user_e2073b28,2025-04-22 21:54:06,402.53,"Mumbai, India",pixel-6,39.95,1.42
user_e2073b28,2025-04-22 11:27:06,4638.46,"Paris, France",iphone14-pro-max,75.32,0.58
user_e2073b28,2025-04-25 22:05:06,934.34,"London, UK",ipad-pro,59.27,1.4
user_e2073b28,2025-04-25 20:21:06,1418.34,"Paris, France",pixel-6,71.02,1.5
user_e2073b28,2025-04-22 23:16:06,1372.45,"Los Angeles, USA",pixel-6,41.64,0.67
user_e2073b28,2025-04-23 09:58:06,4363.28,"London, UK",pixel-6,60.48,1.0
user_e2073b28,2025-04-28 14:41:06,1391.09,"Los Angeles, USA",pixel-6,30.38,1.45
user_e2073b28,2025-04-28 05:48:06,3323.35,"Paris, France",iphone14-pro-max,60.73,0.8
user_e2073b28,2025-04-25 20:07:06,2944.39,"London, UK",ipad-pro,37.87,0.68
user_e2073b28,2025-04-29 00:47:06,3845.28,"Los Angeles, USA",samsung-s23,77.72,1.12
user_e2073b28,2025-04-25 05:08:06,4856.04,"Paris, France",iphone14-pro-max,67.02,1.41
user_e9c52b79,2025-04-24 06:31:06,1094.6,"London, UK",samsung-s23,65.15,1.32
user_e9c52b79,2025-04-25 04:40:06,773.53,"New York, USA",iphone14-pro-max,34.23,0.95
user_e9c52b79,2025-04-24 17:22:06,1289.77,"London, UK",pixel-6,55.12,1.45
user_e9c52b79,2025-04-22 09:14:06,3147.03,"Paris, France",pixel-6,63.96,1.26
user_e9c52b79,2025-04-22 16:27:06,3369.27,"Mumbai, India",macbook-air,75.39,1.23
user_e9c52b79,2025-04-28 07:32:06,3020.17,"Mumbai, India",iphone14-pro-max,51.99,1.17
user_e9c52b79,2025-04-27 01:33:06,4810.17,"London, UK",ipad-pro,44.43,0.75
user_e9c52b79,2025-04-22 14:01:06,2009.2,"Paris, France",pixel-6,77.32,0.79
user_e9c52b79,2025-04-25 08:50:06,1065.06,"Los Angeles, USA",pixel-6,40.39,1.19
user_e9c52b79,2025-04-25 12:32:06,2995.21,"Los Angeles, USA",ipad-pro,65.56,1.25
user_e9c52b79,2025-04-23 10:04:06,672.4,"Los Angeles, USA",samsung-s23,55.97,1.07
user_e9c52b79,2025-04-23 20:36:06,2249.44,"Mumbai, India",macbook-air,65.99,0.58
user_e9c52b79,2025-04-22 12:50:06,4561.59,"New York, USA",pixel-6,79.41,0.67
user_e9c52b79,2025-04-25 08:06:06,4123.63,"Mumbai, India",samsung-s23,51.32,1.07
user_e9c52b79,2025-04-28 10:22:06,3041.0,"New York, USA",macbook-air,50.11,0.91
user_e9c52b79,2025-04-22 06:02:06,3843.3,"Los Angeles, USA",macbook-air,35.93,1.44
user_e9c52b79,2025-04-25 23:45:06,2215.05,"Mumbai, India",iphone14-pro-max,67.64,0.69
user_e9c52b79,2025-04-27 13:40:06,2043.74,"Mumbai, India",iphone14-pro-max,71.0,0.91
user_e9c52b79,2025-04-23 10:22:06,652.3,"Los Angeles, USA",ipad-pro,75.05,1.17
user_e9c52b79,2025-04-29 00:16:06,2475.08,"Paris, France",ipad-pro,64.66,0.62
user_101feac0,2025-04-28 05:59:06,2926.71,"Paris, France",ipad-pro,71.1,0.53
user_101feac0,2025-04-25 22:49:06,3289.87,"New York, USA",iphone14-pro-max,67.14,0.56
user_101feac0,2025-04-28 10:47:06,2984.53,"London, UK",pixel-6,61.89,0.57
user_101feac0,2025-04-24 22:53:06,274.02,"Mumbai, India",macbook-air,31.54,0.57
user_101feac0,2025-04-22 13:35:06,1923.0,"London, UK",pixel-6,75.66,0.64
user_101feac0,2025-04-25 14:01:06,108.8,"New York, USA",iphone14-pro-max,50.33,1.44
user_101feac0,2025-04-26 14:26:06,723.87,"Mumbai, India",ipad-pro,39.37,1.15
user_101feac0,2025-04-26 10:42:06,1056.61,"Los Angeles, USA",ipad-pro,77.12,1.18
user_101feac0,2025-04-26 21:48:06,819.35,"Mumbai, India",pixel-6,43.29,1.34
user_101feac0,2025-04-24 06:06:06,1469.72,"New York, USA",iphone14-pro-max,31.45,1.28
user_101feac0,2025-04-28 02:17:06,3659.28,"Los Angeles, USA",pixel-6,64.42,0.53
user_101feac0,2025-04-26 15:39:06,1033.85,"Los Angeles, USA",pixel-6,65.47,0.9
user_101feac0,2025-04-25 21:34:06,1519.34,"Mumbai, India",samsung-s23,41.78,0.69
user_101feac0,2025-04-24 00:20:06,1886.26,"Mumbai, India",samsung-s23,38.15,1.17
user_101feac0,2025-04-27 23:07:06,988.41,"New York, USA",iphone14-pro-max,65.24,0.56
user_101feac0,2025-04-22 05:44:06,3227.61,"London, UK",iphone14-pro-max,30.52,0.96
user_101feac0,2025-04-23 16:30:06,2212.82,"Los Angeles, USA",samsung-s23,34.27,0.55
user_101feac0,2025-04-27 12:13:06,3283.37,"Paris, France",macbook-air,52.5,0.96
user_101feac0,2025-04-24 04:24:06,1122.08,"Paris, France",pixel-6,70.78,1.22
user_101feac0,2025-04-25 07:56:06,3865.45,"London, UK",iphone14-pro-max,30.89,0.76
user_1bd28894,2025-04-22 09:40:06,2411.72,"Mumbai, India",pixel-6,35.81,0.59
user_1bd28894,2025-04-24 22:31:06,1472.59,"New York, USA",iphone14-pro-max,68.24,0.76
user_1bd28894,2025-04-26 16:00:06,758.54,"London, UK",iphone14-pro-max,70.77,1.38
user_1bd28894,2025-04-26 13:23:06,2793.53,"Paris, France",macbook-air,57.25,1.36
user_1bd28894,2025-04-22 21:22:06,149.51,"London, UK",samsung-s23,59.24,0.71
user_1bd28894,2025-04-25 15:04:06,4999.57,"Paris, France",macbook-air,67.44,1.39
user_1bd28894,2025-04-25 22:53:06,389.63,"Los Angeles, USA",iphone14-pro-max,72.92,1.04
user_1bd28894,2025-04-27 22:42:06,4112.4,"Los Angeles, USA",samsung-s23,52.91,0.78
user_1bd28894,2025-04-24 03:24:06,4469.82,"Los Angeles, USA",iphone14-pro-max,71.8,0.53
user_1bd28894,2025-04-23 13:12:06,725.86,"Mumbai, India",pixel-6,73.85,0.7
user_1bd28894,2025-04-27 16:09:06,662.56,"Paris, France",iphone14-pro-max,46.21,1.13
user_1bd28894,2025-04-23 20:16:06,692.23,"Mumbai, India",macbook-air,47.56,1.41
user_1bd28894,2025-04-26 06:23:06,4510.28,"Mumbai, India",iphone14-pro-max,34.27,1.01
user_1bd28894,2025-04-26 06:01:06,4953.05,"New York, USA",samsung-s23,51.37,0.78
user_1bd28894,2025-04-23 17:43:06,1358.78,"Los Angeles, USA",samsung-s23,74.51,1.37
user_1bd28894,2025-04-23 21:07:06,4434.29,"Los Angeles, USA",ipad-pro,35.11,1.12
user_1bd28894,2025-04-26 17:10:06,410.79,"London, UK",pixel-6,53.31,0.82
user_1bd28894,2025-04-25 17:05:06,1236.13,"New York, USA",pixel-6,61.44,1.4
user_1bd28894,2025-04-23 06:44:06,4568.96,"New York, USA",samsung-s23,32.19,1.31
user_1bd28894,2025-04-26 17:24:06,54.2,"Mumbai, India",ipad-pro,37.66,0.55
user_7c193462,2025-04-25 04:25:06,4121.12,"New York, USA",samsung-s23,32.22,1.13
user_7c193462,2025-04-25 09:51:06,834.44,"Los Angeles, USA",ipad-pro,71.14,1.01
user_7c193462,2025-04-22 09:27:06,3465.81,"London, UK",samsung-s23,52.71,0.9
user_7c193462,2025-04-28 12:04:06,946.87,"Los Angeles, USA",macbook-air,49.02,0.66
user_7c193462,2025-04-25 21:08:06,4078.77,"London, UK",pixel-6,59.08,0.51
user_7c193462,2025-04-22 12:12:06,1038.02,"Paris, France",pixel-6,49.99,1.01
user_7c193462,2025-04-24 10:09:06,2803.04,"Los Angeles, USA",iphone14-pro-max,41.35,1.04
user_7c193462,2025-04-28 13:17:06,1586.05,"Los Angeles, USA",iphone14-pro-max,77.47,0.57
user_7c193462,2025-04-22 04:00:06,277.16,"Mumbai, India",iphone14-pro-max,71.92,0.58
user_7c193462,2025-04-26 17:57:06,200.68,"Paris, France",ipad-pro,76.64,1.11
user_7c193462,2025-04-28 13:11:06,893.37,"New York, USA",macbook-air,72.34,1.24
user_7c193462,2025-04-24 21:22:06,27.73,"Mumbai, India",iphone14-pro-max,78.82,1.47
user_7c193462,2025-04-24 07:17:06,546.99,"Paris, France",ipad-pro,53.61,1.4
user_7c193462,2025-04-25 22:04:06,1734.89,"New York, USA",pixel-6,49.67,0.97
user_7c193462,2025-04-23 11:49:06,3618.79,"Paris, France",iphone14-pro-max,68.25,0.98
user_7c193462,2025-04-28 20:41:06,883.67,"Mumbai, India",pixel-6,66.19,0.69
user_7c193462,2025-04-22 19:40:06,2899.94,"Mumbai, India",pixel-6,51.69,1.09
user_7c193462,2025-04-24 21:57:06,2056.83,"London, UK",macbook-air,46.92,0.96
user_7c193462,2025-04-28 10:58:06,4673.81,"Paris, France",pixel-6,79.66,1.28
user_7c193462,2025-04-23 20:52:06,3974.65,"New York, USA",iphone14-pro-max,57.89,0.9
user_9ccb3c68,2025-04-27 09:32:06,966.26,"New York, USA",samsung-s23,67.2,0.76
user_9ccb3c68,2025-04-25 05:40:06,2592.2,"London, UK",ipad-pro,77.41,0.92
user_9ccb3c68,2025-04-23 11:54:06,3204.33,"Mumbai, India",iphone14-pro-max,36.84,0.55
user_9ccb3c68,2025-04-25 17:53:06,4053.23,"Paris, France",pixel-6,37.64,1.32
user_9ccb3c68,2025-04-25 20:14:06,4155.18,"Paris, France",macbook-air,41.44,0.59
user_9ccb3c68,2025-04-24 00:27:06,3325.23,"London, UK",iphone14-pro-max,69.46,0.89
user_9ccb3c68,2025-04-26 23:52:06,4203.37,"London, UK",pixel-6,40.61,1.41
user_9ccb3c68,2025-04-26 11:34:06,781.17,"New York, USA",macbook-air,57.93,0.78
user_9ccb3c68,2025-04-25 09:38:06,4963.93,"Paris, France",macbook-air,71.57,1.48
user_9ccb3c68,2025-04-25 12:00:06,2421.04,"London, UK",ipad-pro,40.07,0.77
user_9ccb3c68,2025-04-24 23:23:06,315.06,"Paris, France",iphone14-pro-max,38.91,1.31
user_9ccb3c68,2025-04-22 21:49:06,4756.35,"Mumbai, India",macbook-air,47.2,0.8
user_9ccb3c68,2025-04-27 20:16:06,4835.04,"Paris, France",ipad-pro,45.46,1.25
user_9ccb3c68,2025-04-23 05:53:06,261.77,"New York, USA",ipad-pro,30.82,0.66
user_9ccb3c68,2025-04-24 09:45:06,4686.27,"London, UK",ipad-pro,70.15,1.14
user_9ccb3c68,2025-04-25 19:17:06,3030.1,"Los Angeles, USA",iphone14-pro-max,60.41,0.75
user_9ccb3c68,2025-04-27 18:13:06,2268.0,"Paris, France",pixel-6,71.07,1.48
user_9ccb3c68,2025-04-23 16:57:06,744.38,"Los Angeles, USA",iphone14-pro-max,71.08,0.68
user_9ccb3c68,2025-04-24 10:28:06,152.75,"New York, USA",ipad-pro,63.67,0.68
user_9ccb3c68,2025-04-26 20:03:06,3186.08,"Mumbai, India",iphone14-pro-max,59.11,1.41
user_5cb88d92,2025-04-25 23:28:06,4911.07,"Mumbai, India",samsung-s23,30.9,0.68
user_5cb88d92,2025-04-28 06:22:06,4485.42,"New York, USA",macbook-air,62.82,0.74
user_5cb88d92,2025-04-27 04:02:06,1688.41,"London, UK",iphone14-pro-max,69.3,0.74
user_5cb88d92,2025-04-28 06:01:06,1469.63,"Mumbai, India",ipad-pro,54.85,0.98
user_5cb88d92,2025-04-23 12:26:06,2731.38,"Los Angeles, USA",samsung-s23,77.62,0.96
user_5cb88d92,2025-04-23 18:31:06,325.48,"Paris, France",samsung-s23,46.05,1.27
user_5cb88d92,2025-04-27 19:49:06,47.71,"Los Angeles, USA",macbook-air,52.87,1.19
user_5cb88d92,2025-04-23 17:06:06,841.93,"London, UK",pixel-6,77.34,0.92
user_5cb88d92,2025-04-28 18:23:06,1179.63,"Paris, France",macbook-air,50.03,0.58
user_5cb88d92,2025-04-25 07:39:06,3957.73,"Paris, France",samsung-s23,61.81,1.22
user_5cb88d92,2025-04-25 23:46:06,3604.86,"New York, USA",ipad-pro,32.34,1.29
user_5cb88d92,2025-04-23 13:15:06,3294.07,"Los Angeles, USA",macbook-air,79.56,0.54
user_5cb88d92,2025-04-27 19:35:06,3493.99,"Mumbai, India",iphone14-pro-max,50.57,1.34
user_5cb88d92,2025-04-25 21:59:06,760.53,"Los Angeles, USA",macbook-air,52.92,0.8
user_5cb88d92,2025-04-25 15:50:06,4801.45,"Mumbai, India",samsung-s23,40.97,0.84
user_5cb88d92,2025-04-22 18:12:06,1299.48,"Los Angeles, USA",pixel-6,52.09,0.62
user_5cb88d92,2025-04-28 23:37:06,2481.22,"Paris, France",iphone14-pro-max,32.74,1.36
user_5cb88d92,2025-04-22 11:28:06,1261.82,"New York, USA",ipad-pro,74.97,0.88
user_5cb88d92,2025-04-25 06:34:06,4096.84,"London, UK",macbook-air,47.85,1.24
user_5cb88d92,2025-04-26 12:53:06,4611.12,"London, UK",samsung-s23,48.44,0.77
user_33545a63,2025-04-23 11:05:06,252.79,"Paris, France",ipad-pro,32.08,1.34
user_33545a63,2025-04-23 19:48:06,2298.65,"London, UK",macbook-air,62.33,1.09
user_33545a63,2025-04-27 01:55:06,1412.69,"London, UK",pixel-6,60.02,0.71
user_33545a63,2025-04-25 00:53:06,1018.15,"Los Angeles, USA",samsung-s23,63.02,0.53
user_33545a63,2025-04-22 15:27:06,2071.61,"Los Angeles, USA",macbook-air,43.98,1.17
user_33545a63,2025-04-26 17:23:06,18.45,"Paris, France",pixel-6,37.9,0.67
user_33545a63,2025-04-26 14:47:06,1932.42,"Paris, France",macbook-air,40.95,1.37
user_33545a63,2025-04-28 21:25:06,3184.41,"New York, USA",iphone14-pro-max,44.43,0.92
user_33545a63,2025-04-28 22:14:06,597.19,"New York, USA",samsung-s23,55.39,0.61
user_33545a63,2025-04-23 08:12:06,2907.95,"Paris, France",samsung-s23,55.72,0.69
user_33545a63,2025-04-26 23:54:06,3512.03,"Los Angeles, USA",iphone14-pro-max,58.22,1.22
user_33545a63,2025-04-26 05:01:06,420.93,"Mumbai, India",iphone14-pro-max,66.85,0.56
user_33545a63,2025-04-24 01:45:06,992.04,"London, UK",pixel-6,31.57,0.53
user_33545a63,2025-04-26 15:26:06,3419.47,"New York, USA",macbook-air,58.95,0.96
user_33545a63,2025-04-25 05:40:06,478.45,"Mumbai, India",pixel-6,31.53,1.0
user_33545a63,2025-04-27 18:38:06,2648.42,"Mumbai, India",pixel-6,56.77,0.57
user_33545a63,2025-04-26 06:29:06,409.98,"Paris, France",macbook-air,75.54,1.29
user_33545a63,2025-04-22 15:29:06,910.77,"Paris, France",ipad-pro,53.7,1.29
user_33545a63,2025-04-25 00:36:06,1026.86,"Paris, France",macbook-air,38.68,1.35
user_33545a63,2025-04-26 13:34:06,4261.93,"Los Angeles, USA",ipad-pro,44.24,1.25
user_79b53e05,2025-04-25 07:21:06,2752.44,"London, UK",pixel-6,63.36,1.18
user_79b53e05,2025-04-26 20:55:06,900.43,"Paris, France",macbook-air,64.31,0.64
user_79b53e05,2025-04-22 06:29:06,4138.96,"London, UK",macbook-air,76.6,0.77
user_79b53e05,2025-04-22 06:05:06,4849.77,"London, UK",samsung-s23,78.47,0.73
user_79b53e05,2025-04-23 14:06:06,4012.72,"New York, USA",iphone14-pro-max,61.63,0.84
user_79b53e05,2025-04-22 12:26:06,4520.36,"London, UK",macbook-air,79.54,0.87
user_79b53e05,2025-04-25 23:31:06,4579.16,"London, UK",macbook-air,77.77,0.87
user_79b53e05,2025-04-28 19:24:06,1025.81,"Paris, France",pixel-6,63.3,0.84
user_79b53e05,2025-04-28 16:10:06,2217.34,"New York, USA",samsung-s23,63.14,0.8
user_79b53e05,2025-04-28 16:13:06,2642.17,"Los Angeles, USA",macbook-air,45.98,0.91
user_79b53e05,2025-04-27 01:49:06,3879.82,"London, UK",macbook-air,50.43,0.71
user_79b53e05,2025-04-28 12:36:06,3472.46,"New York, USA",samsung-s23,40.38,0.8
user_79b53e05,2025-04-23 23:40:06,2525.72,"Los Angeles, USA",pixel-6,34.02,1.48
user_79b53e05,2025-04-23 19:36:06,72.68,"New York, USA",ipad-pro,68.65,0.76
user_79b53e05,2025-04-27 21:24:06,1882.85,"New York, USA",ipad-pro,68.99,0.85
user_79b53e05,2025-04-25 03:00:06,2033.84,"London, UK",ipad-pro,68.37,0.6
user_79b53e05,2025-04-24 03:49:06,4210.11,"Los Angeles, USA",samsung-s23,46.08,1.27
user_79b53e05,2025-04-26 16:51:06,1336.14,"Paris, France",macbook-air,63.81,1.07
user_79b53e05,2025-04-28 03:57:06,3480.01,"New York, USA",macbook-air,37.57,1.12
user_79b53e05,2025-04-28 21:18:06,1619.24,"Mumbai, India",ipad-pro,33.9,0.98
user_29441bbe,2025-04-26 02:20:06,2786.12,"Paris, France",iphone14-pro-max,38.5,1.18
user_29441bbe,2025-04-23 16:35:06,3824.98,"Los Angeles, USA",ipad-pro,38.95,1.34
user_29441bbe,2025-04-22 07:42:06,3745.78,"Los Angeles, USA",macbook-air,49.81,0.84
user_29441bbe,2025-04-24 08:18:06,4723.52,"Mumbai, India",ipad-pro,45.18,0.8
user_29441bbe,2025-04-26 10:57:06,3396.32,"New York, USA",macbook-air,61.0,1.27
user_29441bbe,2025-04-23 14:09:06,2249.39,"Mumbai, India",pixel-6,61.46,1.32
user_29441bbe,2025-04-25 09:27:06,745.32,"Mumbai, India",iphone14-pro-max,79.01,1.29
user_29441bbe,2025-04-23 07:24:06,3701.56,"Paris, France",samsung-s23,33.77,0.96
user_29441bbe,2025-04-23 14:02:06,1401.08,"London, UK",macbook-air,73.77,0.61
user_29441bbe,2025-04-26 09:48:06,503.03,"Paris, France",iphone14-pro-max,71.13,1.28
user_29441bbe,2025-04-25 05:38:06,802.08,"Mumbai, India",ipad-pro,78.16,0.66
user_29441bbe,2025-04-22 21:22:06,967.42,"New York, USA",samsung-s23,61.55,1.26
user_29441bbe,2025-04-24 23:02:06,2578.31,"New York, USA",iphone14-pro-max,61.93,1.29
user_29441bbe,2025-04-23 11:00:06,513.07,"New York, USA",macbook-air,67.37,0.68
user_29441bbe,2025-04-25 12:36:06,1680.46,"Los Angeles, USA",macbook-air,33.54,1.47
user_29441bbe,2025-04-23 08:19:06,3350.49,"London, UK",pixel-6,68.23,1.05
user_29441bbe,2025-04-23 10:35:06,3984.92,"Los Angeles, USA",iphone14-pro-max,79.16,1.13
user_29441bbe,2025-04-23 06:51:06,3664.56,"Mumbai, India",samsung-s23,64.39,1.15
user_29441bbe,2025-04-28 03:18:06,4096.82,"Mumbai, India",samsung-s23,48.53,1.47
user_29441bbe,2025-04-25 14:47:06,1536.67,"Paris, France",iphone14-pro-max,40.53,1.13
user_e6256085,2025-04-25 02:02:06,939.99,"Los Angeles, USA",iphone14-pro-max,48.89,0.66
user_e6256085,2025-04-27 22:15:06,2747.17,"Paris, France",ipad-pro,75.71,1.45
user_e6256085,2025-04-25 04:47:06,98.71,"Mumbai, India",pixel-6,76.23,0.92
user_e6256085,2025-04-24 15:22:06,4490.36,"New York, USA",pixel-6,47.1,1.21
user_e6256085,2025-04-22 21:47:06,2354.65,"London, UK",macbook-air,47.13,1.19
user_e6256085,2025-04-26 19:23:06,2713.04,"Los Angeles, USA",samsung-s23,32.21,1.29
user_e6256085,2025-04-25 00:10:06,1121.36,"Paris, France",samsung-s23,41.13,0.59
user_e6256085,2025-04-27 10:19:06,644.72,"Los Angeles, USA",macbook-air,36.61,0.69
user_e6256085,2025-04-22 17:46:06,2038.59,"Mumbai, India",macbook-air,65.79,1.15
user_e6256085,2025-04-25 12:08:06,3215.73,"Mumbai, India",iphone14-pro-max,57.54,0.62
user_e6256085,2025-04-27 21:28:06,1266.44,"Los Angeles, USA",iphone14-pro-max,44.26,0.6
user_e6256085,2025-04-24 17:03:06,2183.35,"Los Angeles, USA",samsung-s23,40.25,1.21
user_e6256085,2025-04-28 05:05:06,2982.7,"London, UK",samsung-s23,30.45,1.16
user_e6256085,2025-04-26 02:45:06,508.17,"Mumbai, India",ipad-pro,51.67,1.35
user_e6256085,2025-04-22 09:11:06,347.88,"New York, USA",iphone14-pro-max,76.16,1.39
user_e6256085,2025-04-27 11:30:06,542.83,"Mumbai, India",iphone14-pro-max,48.26,0.66
user_e6256085,2025-04-23 17:52:06,4366.08,"New York, USA",ipad-pro,40.01,0.68
user_e6256085,2025-04-28 03:13:06,3724.2,"Paris, France",ipad-pro,69.98,0.57
user_e6256085,2025-04-28 18:41:06,1849.1,"New York, USA",iphone14-pro-max,67.74,1.22
user_e6256085,2025-04-26 22:30:06,2396.23,"New York, USA",ipad-pro,69.34,0.95
user_ef31bae7,2025-04-26 21:53:06,4335.21,"New York, USA",ipad-pro,40.94,0.94
user_ef31bae7,2025-04-22 16:00:06,900.7,"Los Angeles, USA",ipad-pro,51.61,1.19
user_ef31bae7,2025-04-27 21:45:06,2438.14,"Los Angeles, USA",pixel-6,38.78,1.49
user_ef31bae7,2025-04-25 19:00:06,3418.93,"London, UK",ipad-pro,47.6,1.3
user_ef31bae7,2025-04-24 02:49:06,1564.71,"London, UK",pixel-6,76.47,1.33
user_ef31bae7,2025-04-23 09:53:06,3993.68,"Los Angeles, USA",iphone14-pro-max,76.2,0.6
user_ef31bae7,2025-04-27 10:22:06,2271.27,"Mumbai, India",ipad-pro,68.89,1.49
user_ef31bae7,2025-04-25 22:24:06,189.92,"London, UK",macbook-air,69.96,1.5
user_ef31bae7,2025-04-24 02:59:06,4852.75,"Mumbai, India",pixel-6,49.44,1.47
user_ef31bae7,2025-04-28 02:23:06,2525.1,"Los Angeles, USA",ipad-pro,31.69,0.96
user_ef31bae7,2025-04-29 01:08:06,4257.89,"Paris, France",samsung-s23,61.21,0.57
user_ef31bae7,2025-04-27 14:39:06,1663.73,"Paris, France",pixel-6,73.96,1.36
user_ef31bae7,2025-04-24 01:40:06,3390.92,"New York, USA",pixel-6,31.29,1.42
user_ef31bae7,2025-04-24 22:16:06,1347.54,"Mumbai, India",pixel-6,73.95,0.86
user_ef31bae7,2025-04-27 01:19:06,2080.72,"Mumbai, India",pixel-6,50.52,0.52
user_ef31bae7,2025-04-28 07:46:06,2930.85,"Paris, France",ipad-pro,38.84,0.54
user_ef31bae7,2025-04-22 21:28:06,4021.53,"Los Angeles, USA",macbook-air,47.54,0.56
user_ef31bae7,2025-04-23 12:36:06,4571.67,"Paris, France",macbook-air,33.41,1.15
user_ef31bae7,2025-04-26 08:51:06,4692.76,"London, UK",samsung-s23,44.43,1.31
user_ef31bae7,2025-04-25 14:13:06,1088.53,"London, UK",macbook-air,49.93,1.11
user_ae45d22d,2025-04-24 00:09:06,4488.31,"New York, USA",pixel-6,79.22,1.43
user_ae45d22d,2025-04-26 17:23:06,1811.68,"New York, USA",ipad-pro,74.42,0.98
user_ae45d22d,2025-04-27 22:51:06,1523.12,"Los Angeles, USA",macbook-air,41.76,1.06
user_ae45d22d,2025-04-24 03:32:06,1258.61,"Los Angeles, USA",samsung-s23,64.76,0.91
user_ae45d22d,2025-04-23 23:33:06,3268.93,"Mumbai, India",macbook-air,57.53,0.76
user_ae45d22d,2025-04-28 03:33:06,3971.17,"Mumbai, India",pixel-6,66.27,1.28
user_ae45d22d,2025-04-24 19:55:06,1051.36,"New York, USA",ipad-pro,74.59,1.47
user_ae45d22d,2025-04-24 17:05:06,1752.48,"Mumbai, India",pixel-6,37.45,0.83
user_ae45d22d,2025-04-25 01:04:06,3425.96,"Mumbai, India",macbook-air,40.11,1.48
user_ae45d22d,2025-04-28 14:46:06,2483.51,"Mumbai, India",macbook-air,39.5,0.7
user_ae45d22d,2025-04-24 05:55:06,4371.51,"Mumbai, India",macbook-air,67.57,0.85
user_ae45d22d,2025-04-28 21:09:06,1471.14,"Paris, France",macbook-air,40.13,0.87
user_ae45d22d,2025-04-26 07:59:06,4308.28,"London, UK",pixel-6,59.92,1.02
user_ae45d22d,2025-04-27 13:16:06,1625.16,"Mumbai, India",macbook-air,33.95,1.49
user_ae45d22d,2025-04-26 09:32:06,1085.98,"Paris, France",iphone14-pro-max,38.45,0.67
user_ae45d22d,2025-04-27 19:02:06,3250.66,"New York, USA",pixel-6,46.81,0.85
user_ae45d22d,2025-04-27 03:06:06,2507.1,"Los Angeles, USA",iphone14-pro-max,41.2,0.59
user_ae45d22d,2025-04-26 01:08:06,3717.2,"Mumbai, India",iphone14-pro-max,70.57,1.06
user_ae45d22d,2025-04-24 09:45:06,1247.43,"New York, USA",samsung-s23,53.07,0.8
user_ae45d22d,2025-04-25 05:40:06,3190.06,"Paris, France",iphone14-pro-max,57.98,0.99
user_6c5e05af,2025-04-26 15:59:06,4357.0,"Mumbai, India",macbook-air,77.06,0.95
user_6c5e05af,2025-04-22 14:26:06,3620.92,"Mumbai, India",pixel-6,57.92,0.61
user_6c5e05af,2025-04-26 23:29:06,2084.12,"London, UK",ipad-pro,36.2,1.34
user_6c5e05af,2025-04-28 11:59:06,2122.91,"Mumbai, India",samsung-s23,38.0,0.81
user_6c5e05af,2025-04-24 07:50:06,3633.05,"Los Angeles, USA",samsung-s23,56.46,0.81
user_6c5e05af,2025-04-28 09:03:06,2242.28,"Los Angeles, USA",ipad-pro,49.41,0.71
user_6c5e05af,2025-04-27 21:50:06,4130.75,"Mumbai, India",iphone14-pro-max,34.57,0.9
user_6c5e05af,2025-04-22 03:56:06,1392.49,"New York, USA",samsung-s23,41.31,1.15
user_6c5e05af,2025-04-26 20:57:06,3877.08,"Paris, France",iphone14-pro-max,70.75,1.37
user_6c5e05af,2025-04-25 13:40:06,1916.83,"Mumbai, India",pixel-6,79.77,1.45
user_6c5e05af,2025-04-28 01:13:06,1362.5,"New York, USA",samsung-s23,79.36,1.35
user_6c5e05af,2025-04-25 05:38:06,214.12,"Paris, France",pixel-6,51.14,0.63
user_6c5e05af,2025-04-28 01:09:06,4239.26,"Los Angeles, USA",iphone14-pro-max,36.18,0.86
user_6c5e05af,2025-04-26 07:15:06,17.92,"London, UK",macbook-air,52.73,1.47
user_6c5e05af,2025-04-25 00:17:06,1813.39,"Los Angeles, USA",macbook-air,74.58,0.59
user_6c5e05af,2025-04-27 15:27:06,3108.91,"Mumbai, India",ipad-pro,47.12,1.27
user_6c5e05af,2025-04-22 23:36:06,268.2,"New York, USA",samsung-s23,60.95,1.33
user_6c5e05af,2025-04-24 07:14:06,2007.44,"Mumbai, India",pixel-6,50.26,0.79
user_6c5e05af,2025-04-28 18:53:06,2441.74,"London, UK",ipad-pro,50.9,0.81
user_6c5e05af,2025-04-27 23:22:06,4253.96,"Mumbai, India",samsung-s23,31.34,1.01
user_d2c71541,2025-04-24 23:51:06,406.27,"Paris, France",iphone14-pro-max,47.53,0.53
user_d2c71541,2025-04-26 20:32:06,207.98,"Los Angeles, USA",ipad-pro,39.01,1.45
user_d2c71541,2025-04-22 08:50:06,420.75,"Mumbai, India",macbook-air,54.94,1.44
user_d2c71541,2025-04-24 17:14:06,2014.06,"London, UK",macbook-air,50.94,0.76
user_d2c71541,2025-04-22 19:40:06,3203.03,"Paris, France",macbook-air,54.85,0.61
user_d2c71541,2025-04-27 09:33:06,4681.22,"Paris, France",macbook-air,59.9,0.55
user_d2c71541,2025-04-25 01:47:06,284.72,"Los Angeles, USA",iphone14-pro-max,57.33,1.38
user_d2c71541,2025-04-22 07:01:06,1749.6,"Los Angeles, USA",samsung-s23,37.57,0.91
user_d2c71541,2025-04-23 08:29:06,756.02,"Los Angeles, USA",ipad-pro,30.42,1.17
user_d2c71541,2025-04-25 10:56:06,2665.52,"Paris, France",iphone14-pro-max,66.06,1.45
user_d2c71541,2025-04-28 06:05:06,2394.03,"New York, USA",ipad-pro,57.78,1.03
user_d2c71541,2025-04-23 04:43:06,1982.76,"London, UK",samsung-s23,43.17,0.62
user_d2c71541,2025-04-26 15:43:06,2169.97,"Los Angeles, USA",macbook-air,32.53,1.35
user_d2c71541,2025-04-25 23:56:06,2701.94,"London, UK",pixel-6,68.78,0.99
user_d2c71541,2025-04-25 13:11:06,3803.67,"Mumbai, India",samsung-s23,76.25,1.48
user_d2c71541,2025-04-28 03:49:06,4179.82,"Paris, France",pixel-6,31.26,0.71
user_d2c71541,2025-04-28 23:43:06,2604.19,"London, UK",macbook-air,35.1,1.35
user_d2c71541,2025-04-26 16:41:06,3170.97,"Mumbai, India",macbook-air,66.31,1.37
user_d2c71541,2025-04-26 23:57:06,4588.03,"Paris, France",samsung-s23,33.48,1.02
user_d2c71541,2025-04-25 03:20:06,207.76,"Paris, France",pixel-6,71.15,0.51
user_9adac4cc,2025-04-22 13:17:06,3240.41,"New York, USA",pixel-6,55.65,1.15
user_9adac4cc,2025-04-24 19:03:06,1346.19,"Paris, France",macbook-air,76.18,1.46
user_9adac4cc,2025-04-23 16:44:06,3852.31,"Mumbai, India",ipad-pro,51.96,1.24
user_9adac4cc,2025-04-23 08:16:06,3377.52,"Paris, France",iphone14-pro-max,74.9,0.65
user_9adac4cc,2025-04-23 12:46:06,3742.58,"Los Angeles, USA",iphone14-pro-max,62.14,0.51
user_9adac4cc,2025-04-28 19:03:06,2165.13,"Los Angeles, USA",iphone14-pro-max,53.23,0.53
user_9adac4cc,2025-04-26 17:58:06,4778.41,"London, UK",iphone14-pro-max,77.8,0.9
user_9adac4cc,2025-04-23 22:13:06,4595.44,"London, UK",pixel-6,44.17,1.24
user_9adac4cc,2025-04-23 10:47:06,1528.65,"London, UK",ipad-pro,77.79,0.83
user_9adac4cc,2025-04-25 02:24:06,3443.14,"New York, USA",pixel-6,77.8,0.81
user_9adac4cc,2025-04-28 06:36:06,2968.68,"Paris, France",iphone14-pro-max,72.36,0.74
user_9adac4cc,2025-04-26 01:35:06,3554.94,"London, UK",iphone14-pro-max,73.1,0.82
user_9adac4cc,2025-04-28 21:32:06,1705.42,"Los Angeles, USA",iphone14-pro-max,61.84,0.94
user_9adac4cc,2025-04-24 09:11:06,1746.59,"Paris, France",iphone14-pro-max,41.57,1.09
user_9adac4cc,2025-04-26 13:36:06,3707.23,"New York, USA",iphone14-pro-max,37.65,0.76
user_9adac4cc,2025-04-24 23:09:06,816.87,"Los Angeles, USA",ipad-pro,72.16,1.35
user_9adac4cc,2025-04-23 18:07:06,1520.34,"London, UK",iphone14-pro-max,54.35,0.63
user_9adac4cc,2025-04-25 22:46:06,191.28,"Mumbai, India",macbook-air,51.02,1.48
user_9adac4cc,2025-04-23 16:03:06,640.4,"New York, USA",iphone14-pro-max,40.86,0.68
user_9adac4cc,2025-04-22 03:49:06,2795.57,"Paris, France",ipad-pro,54.53,1.3
user_ba1f8811,2025-04-25 14:34:06,2400.75,"Mumbai, India",macbook-air,60.9,1.08
user_ba1f8811,2025-04-28 06:48:06,1026.99,"London, UK",iphone14-pro-max,62.97,1.13
user_ba1f8811,2025-04-28 16:21:06,4219.85,"Los Angeles, USA",samsung-s23,40.07,1.01
user_ba1f8811,2025-04-28 03:03:06,4221.25,"London, UK",samsung-s23,51.05,1.45
user_ba1f8811,2025-04-28 02:35:06,2620.43,"Paris, France",ipad-pro,36.94,0.8
user_ba1f8811,2025-04-28 16:33:06,3763.47,"Los Angeles, USA",samsung-s23,42.96,1.1
user_ba1f8811,2025-04-26 13:01:06,2823.05,"London, UK",macbook-air,79.98,0.96
user_ba1f8811,2025-04-28 01:27:06,1540.48,"Los Angeles, USA",samsung-s23,48.54,0.85
user_ba1f8811,2025-04-28 20:39:06,977.65,"Paris, France",iphone14-pro-max,51.62,0.69
user_ba1f8811,2025-04-27 01:43:06,87.84,"London, UK",samsung-s23,46.9,0.8
user_ba1f8811,2025-04-27 08:34:06,216.98,"Los Angeles, USA",iphone14-pro-max,46.52,1.14
user_ba1f8811,2025-04-25 10:41:06,307.98,"Los Angeles, USA",pixel-6,46.04,0.7
user_ba1f8811,2025-04-28 05:35:06,2658.06,"Los Angeles, USA",pixel-6,30.74,0.57
user_ba1f8811,2025-04-26 20:55:06,4090.49,"London, UK",samsung-s23,50.45,1.45
user_ba1f8811,2025-04-24 01:15:06,3341.06,"Mumbai, India",pixel-6,32.94,1.02
user_ba1f8811,2025-04-29 00:44:06,830.04,"Los Angeles, USA",pixel-6,58.53,1.19
user_ba1f8811,2025-04-25 23:13:06,4181.17,"New York, USA",ipad-pro,50.8,0.79
user_ba1f8811,2025-04-23 13:40:06,908.24,"New York, USA",samsung-s23,39.35,1.49
user_ba1f8811,2025-04-23 17:47:06,1646.47,"New York, USA",ipad-pro,72.31,1.11
user_ba1f8811,2025-04-22 19:02:06,946.53,"Los Angeles, USA",macbook-air,48.2,1.48
user_bcaebdc6,2025-04-23 13:41:06,88.34,"Los Angeles, USA",macbook-air,70.39,0.78
user_bcaebdc6,2025-04-22 23:36:06,2052.17,"New York, USA",pixel-6,38.51,0.59
user_bcaebdc6,2025-04-26 00:09:06,3792.6,"Mumbai, India",pixel-6,63.47,1.01
user_bcaebdc6,2025-04-26 20:06:06,1753.59,"London, UK",ipad-pro,55.27,0.99
user_bcaebdc6,2025-04-27 02:20:06,2498.09,"Los Angeles, USA",iphone14-pro-max,66.56,0.81
user_bcaebdc6,2025-04-27 20:18:06,4899.38,"Paris, France",samsung-s23,34.6,0.78
user_bcaebdc6,2025-04-26 08:49:06,4594.1,"Mumbai, India",macbook-air,44.85,0.99
user_bcaebdc6,2025-04-25 03:31:06,4347.9,"Los Angeles, USA",pixel-6,55.24,1.13
user_bcaebdc6,2025-04-24 13:57:06,1641.93,"Paris, France",iphone14-pro-max,46.65,1.48
user_bcaebdc6,2025-04-24 14:43:06,3647.67,"Paris, France",ipad-pro,47.42,0.95
user_bcaebdc6,2025-04-27 10:30:06,3855.98,"Mumbai, India",pixel-6,74.06,1.2
user_bcaebdc6,2025-04-23 10:19:06,2480.5,"London, UK",macbook-air,67.64,0.73
user_bcaebdc6,2025-04-23 08:04:06,4056.86,"Paris, France",pixel-6,62.83,0.51
user_bcaebdc6,2025-04-28 02:48:06,4353.16,"Mumbai, India",macbook-air,40.56,0.87
user_bcaebdc6,2025-04-28 20:22:06,2438.79,"Los Angeles, USA",samsung-s23,48.36,0.59
user_bcaebdc6,2025-04-24 13:30:06,810.9,"Los Angeles, USA",pixel-6,44.31,1.05
user_bcaebdc6,2025-04-23 06:15:06,648.7,"Mumbai, India",iphone14-pro-max,64.15,0.58
user_bcaebdc6,2025-04-25 09:29:06,3080.32,"New York, USA",samsung-s23,46.64,1.4
user_bcaebdc6,2025-04-23 18:08:06,3932.36,"New York, USA",macbook-air,54.78,1.32
user_bcaebdc6,2025-04-26 06:52:06,46.93,"Los Angeles, USA",macbook-air,68.73,0.83
user_71e277bc,2025-04-26 16:33:06,4520.21,"New York, USA",macbook-air,32.17,1.41
user_71e277bc,2025-04-22 07:11:06,4802.65,"Mumbai, India",ipad-pro,68.5,1.22
user_71e277bc,2025-04-25 08:42:06,3473.33,"Los Angeles, USA",iphone14-pro-max,59.23,1.29
user_71e277bc,2025-04-23 11:54:06,4016.79,"London, UK",iphone14-pro-max,31.89,1.36
user_71e277bc,2025-04-27 02:58:06,1988.89,"Paris, France",ipad-pro,46.01,1.35
user_71e277bc,2025-04-24 19:32:06,3842.34,"Paris, France",pixel-6,37.67,1.3
user_71e277bc,2025-04-26 04:56:06,4632.74,"Paris, France",iphone14-pro-max,44.11,0.8
user_71e277bc,2025-04-23 21:06:06,626.51,"Mumbai, India",pixel-6,52.43,0.53
user_71e277bc,2025-04-25 11:13:06,4153.53,"Mumbai, India",samsung-s23,65.43,0.83
user_71e277bc,2025-04-24 08:40:06,2054.46,"Mumbai, India",iphone14-pro-max,61.55,1.13
user_71e277bc,2025-04-28 20:38:06,2460.64,"Mumbai, India",pixel-6,70.43,0.65
user_71e277bc,2025-04-23 21:18:06,2577.74,"Paris, France",iphone14-pro-max,75.1,0.95
user_71e277bc,2025-04-27 01:16:06,193.39,"London, UK",macbook-air,70.35,1.22
user_71e277bc,2025-04-27 03:53:06,880.53,"Paris, France",iphone14-pro-max,66.89,0.54
user_71e277bc,2025-04-23 05:41:06,4662.91,"New York, USA",pixel-6,47.39,0.52
user_71e277bc,2025-04-22 19:53:06,2174.92,"Paris, France",pixel-6,56.18,0.77
user_71e277bc,2025-04-23 22:54:06,4425.5,"New York, USA",ipad-pro,55.87,1.44
user_71e277bc,2025-04-28 07:01:06,3913.14,"Los Angeles, USA",ipad-pro,42.96,1.42
user_71e277bc,2025-04-26 10:13:06,1358.0,"Los Angeles, USA",iphone14-pro-max,64.09,1.16
user_71e277bc,2025-04-28 08:56:06,2493.69,"Mumbai, India",ipad-pro,48.26,1.27
user_68f994cf,2025-04-27 22:40:06,4554.86,"London, UK",macbook-air,38.73,1.28
user_68f994cf,2025-04-23 07:02:06,3311.82,"Los Angeles, USA",ipad-pro,73.91,1.21
user_68f994cf,2025-04-26 06:09:06,4160.16,"Mumbai, India",macbook-air,43.65,1.33
user_68f994cf,2025-04-26 03:09:06,923.31,"Los Angeles, USA",iphone14-pro-max,74.52,1.02
user_68f994cf,2025-04-27 01:41:06,1499.37,"Paris, France",iphone14-pro-max,34.86,0.6
user_68f994cf,2025-04-23 13:28:06,1920.68,"New York, USA",iphone14-pro-max,38.55,0.58
user_68f994cf,2025-04-22 07:35:06,1067.81,"New York, USA",iphone14-pro-max,45.53,0.87
user_68f994cf,2025-04-24 19:02:06,3832.3,"London, UK",macbook-air,74.89,1.39
user_68f994cf,2025-04-27 01:34:06,2334.94,"Mumbai, India",samsung-s23,67.08,1.13
user_68f994cf,2025-04-28 04:42:06,649.74,"Los Angeles, USA",pixel-6,35.23,1.04
user_68f994cf,2025-04-24 06:31:06,161.85,"London, UK",pixel-6,43.67,1.14
user_68f994cf,2025-04-27 22:22:06,4026.37,"New York, USA",samsung-s23,42.52,0.55
user_68f994cf,2025-04-25 13:29:06,3845.39,"Paris, France",macbook-air,45.0,1.17
user_68f994cf,2025-04-25 19:49:06,2240.54,"London, UK",macbook-air,61.02,1.15
user_68f994cf,2025-04-27 15:34:06,3193.67,"New York, USA",samsung-s23,43.29,0.62
user_68f994cf,2025-04-25 10:27:06,3357.16,"Los Angeles, USA",ipad-pro,50.64,1.21
user_68f994cf,2025-04-23 18:43:06,2602.35,"New York, USA",macbook-air,60.98,1.22
user_68f994cf,2025-04-23 12:51:06,1918.04,"London, UK",samsung-s23,74.61,1.38
user_68f994cf,2025-04-24 19:46:06,3923.1,"Los Angeles, USA",samsung-s23,72.03,1.09
user_68f994cf,2025-04-23 09:56:06,2772.86,"Paris, France",macbook-air,30.6,1.49
user_fc4b4f99,2025-04-22 13:18:06,3871.45,"London, UK",iphone14-pro-max,49.53,0.88
user_fc4b4f99,2025-04-23 08:12:06,128.17,"New York, USA",iphone14-pro-max,76.7,1.35
user_fc4b4f99,2025-04-23 18:45:06,2238.7,"London, UK",samsung-s23,77.95,0.56
user_fc4b4f99,2025-04-25 03:28:06,4552.75,"New York, USA",samsung-s23,74.97,1.23
user_fc4b4f99,2025-04-28 16:39:06,1547.11,"London, UK",ipad-pro,38.81,0.89
user_fc4b4f99,2025-04-27 21:20:06,1511.49,"London, UK",pixel-6,44.66,1.09
user_fc4b4f99,2025-04-25 03:21:06,1401.12,"New York, USA",iphone14-pro-max,49.97,0.67
user_fc4b4f99,2025-04-28 19:05:06,1366.07,"Paris, France",pixel-6,44.03,0.85
user_fc4b4f99,2025-04-27 11:20:06,145.16,"Mumbai, India",pixel-6,39.81,0.84
user_fc4b4f99,2025-04-28 22:31:06,1852.0,"London, UK",samsung-s23,41.1,1.5
user_fc4b4f99,2025-04-27 20:44:06,3194.36,"Los Angeles, USA",samsung-s23,50.87,0.85
user_fc4b4f99,2025-04-28 08:15:06,3296.45,"London, UK",iphone14-pro-max,38.36,0.79
user_fc4b4f99,2025-04-22 05:42:06,3007.74,"Paris, France",macbook-air,53.28,1.46
user_fc4b4f99,2025-04-25 21:11:06,3090.42,"Los Angeles, USA",ipad-pro,32.29,0.91
user_fc4b4f99,2025-04-25 02:48:06,1549.28,"Paris, France",pixel-6,74.09,1.38
user_fc4b4f99,2025-04-22 12:20:06,721.3,"London, UK",ipad-pro,79.8,0.88
user_fc4b4f99,2025-04-28 15:32:06,1393.62,"Los Angeles, USA",pixel-6,36.12,1.08
user_fc4b4f99,2025-04-25 20:25:06,3301.49,"London, UK",samsung-s23,39.39,1.39
user_fc4b4f99,2025-04-22 07:13:06,2741.27,"Paris, France",iphone14-pro-max,42.43,0.79
user_fc4b4f99,2025-04-22 12:10:06,3232.73,"Mumbai, India",macbook-air,63.98,1.19
user_ec0c03d8,2025-04-28 07:47:06,716.2,"Paris, France",ipad-pro,51.95,1.22
user_ec0c03d8,2025-04-25 03:54:06,1120.5,"London, UK",samsung-s23,33.87,1.19
user_ec0c03d8,2025-04-26 21:17:06,294.54,"Paris, France",iphone14-pro-max,65.21,1.3
user_ec0c03d8,2025-04-27 08:10:06,526.66,"Mumbai, India",samsung-s23,54.76,0.8
user_ec0c03d8,2025-04-22 12:45:06,475.08,"Paris, France",iphone14-pro-max,43.7,1.06
user_ec0c03d8,2025-04-23 16:11:06,2540.54,"Los Angeles, USA",iphone14-pro-max,40.78,0.66
user_ec0c03d8,2025-04-23 07:56:06,259.12,"New York, USA",macbook-air,76.38,1.08
user_ec0c03d8,2025-04-22 04:30:06,2841.94,"Mumbai, India",ipad-pro,60.06,0.82
user_ec0c03d8,2025-04-22 17:16:06,4532.48,"Los Angeles, USA",macbook-air,30.82,1.21
user_ec0c03d8,2025-04-23 22:48:06,1425.75,"London, UK",macbook-air,33.04,1.3
user_ec0c03d8,2025-04-28 15:45:06,4178.77,"Los Angeles, USA",ipad-pro,79.39,0.61
user_ec0c03d8,2025-04-24 02:56:06,4408.05,"London, UK",samsung-s23,72.46,1.05
user_ec0c03d8,2025-04-24 05:55:06,1439.29,"Los Angeles, USA",samsung-s23,37.23,1.22
user_ec0c03d8,2025-04-24 13:20:06,582.62,"New York, USA",samsung-s23,43.42,0.97
user_ec0c03d8,2025-04-23 18:08:06,583.23,"Mumbai, India",macbook-air,47.88,1.49
user_ec0c03d8,2025-04-26 01:27:06,1206.0,"London, UK",macbook-air,48.26,0.89
user_ec0c03d8,2025-04-26 10:06:06,741.83,"Los Angeles, USA",macbook-air,37.69,0.65
user_ec0c03d8,2025-04-23 07:55:06,4791.73,"Paris, France",iphone14-pro-max,35.04,0.67
user_ec0c03d8,2025-04-25 12:07:06,4218.27,"New York, USA",iphone14-pro-max,47.49,1.08
user_ec0c03d8,2025-04-26 03:37:06,551.08,"New York, USA",ipad-pro,62.1,1.29
user_37c2f3e2,2025-04-25 22:58:06,771.8,"Los Angeles, USA",samsung-s23,69.07,0.92
user_37c2f3e2,2025-04-27 08:38:06,1937.03,"New York, USA",samsung-s23,37.87,0.61
user_37c2f3e2,2025-04-23 11:22:06,2206.32,"Paris, France",ipad-pro,71.23,1.04
user_37c2f3e2,2025-04-23 23:53:06,3744.51,"New York, USA",macbook-air,32.15,0.97
user_37c2f3e2,2025-04-26 23:03:06,2957.0,"New York, USA",pixel-6,33.21,1.12
user_37c2f3e2,2025-04-24 20:09:06,359.35,"Los Angeles, USA",samsung-s23,36.73,0.61
user_37c2f3e2,2025-04-28 00:02:06,1905.53,"Paris, France",ipad-pro,33.69,0.72
user_37c2f3e2,2025-04-23 23:30:06,4553.58,"London, UK",pixel-6,75.03,1.25
user_37c2f3e2,2025-04-26 10:50:06,4490.24,"Los Angeles, USA",ipad-pro,59.39,1.02
user_37c2f3e2,2025-04-22 08:11:06,3390.98,"Mumbai, India",iphone14-pro-max,53.97,0.53
user_37c2f3e2,2025-04-26 16:04:06,227.05,"Mumbai, India",pixel-6,53.71,0.68
user_37c2f3e2,2025-04-27 06:49:06,4732.58,"New York, USA",ipad-pro,52.54,0.83
user_37c2f3e2,2025-04-23 15:01:06,2305.88,"Paris, France",macbook-air,53.47,1.02
user_37c2f3e2,2025-04-23 19:08:06,3076.08,"London, UK",pixel-6,71.62,1.18
user_37c2f3e2,2025-04-28 13:44:06,2288.47,"New York, USA",pixel-6,64.58,0.61
user_37c2f3e2,2025-04-28 22:54:06,2562.97,"Mumbai, India",pixel-6,79.56,1.17
user_37c2f3e2,2025-04-28 03:11:06,2613.66,"New York, USA",macbook-air,64.68,0.97
user_37c2f3e2,2025-04-22 09:40:06,4393.87,"London, UK",iphone14-pro-max,43.04,1.1
user_37c2f3e2,2025-04-25 22:56:06,3921.05,"New York, USA",macbook-air,54.16,1.29
user_37c2f3e2,2025-04-24 07:57:06,3913.41,"London, UK",iphone14-pro-max,31.84,0.54
user_c71ef7e5,2025-04-25 23:14:06,776.92,"Mumbai, India",samsung-s23,38.33,0.69
user_c71ef7e5,2025-04-23 07:40:06,4995.88,"London, UK",macbook-air,52.04,0.85
user_c71ef7e5,2025-04-22 06:43:06,96.59,"New York, USA",macbook-air,51.04,0.93
user_c71ef7e5,2025-04-26 10:49:06,3908.66,"London, UK",pixel-6,34.34,0.57
user_c71ef7e5,2025-04-27 01:47:06,1899.88,"Mumbai, India",samsung-s23,70.12,1.36
user_c71ef7e5,2025-04-28 03:43:06,2964.73,"Los Angeles, USA",iphone14-pro-max,74.56,0.64
user_c71ef7e5,2025-04-28 18:00:06,285.11,"New York, USA",samsung-s23,55.38,1.21
user_c71ef7e5,2025-04-28 10:53:06,2279.05,"New York, USA",iphone14-pro-max,41.17,1.33
user_c71ef7e5,2025-04-27 01:04:06,996.58,"New York, USA",macbook-air,71.13,0.92
user_c71ef7e5,2025-04-27 00:43:06,488.06,"Paris, France",samsung-s23,58.79,0.61
user_c71ef7e5,2025-04-28 12:06:06,2630.57,"Mumbai, India",iphone14-pro-max,46.37,1.33
user_c71ef7e5,2025-04-26 06:30:06,128.77,"London, UK",ipad-pro,61.89,1.1
user_c71ef7e5,2025-04-25 21:39:06,205.24,"Los Angeles, USA",samsung-s23,62.69,1.1
user_c71ef7e5,2025-04-23 03:45:06,4019.85,"Los Angeles, USA",pixel-6,78.51,1.15
user_c71ef7e5,2025-04-25 04:41:06,351.68,"Paris, France",macbook-air,60.63,1.21
user_c71ef7e5,2025-04-22 10:19:06,725.71,"Los Angeles, USA",samsung-s23,62.57,0.86
user_c71ef7e5,2025-04-25 19:44:06,2910.59,"London, UK",iphone14-pro-max,40.16,0.73
user_c71ef7e5,2025-04-22 17:30:06,1446.39,"London, UK",samsung-s23,56.87,0.52
user_c71ef7e5,2025-04-25 18:07:06,3231.24,"Los Angeles, USA",samsung-s23,55.18,1.1
user_c71ef7e5,2025-04-25 16:32:06,4533.28,"London, UK",iphone14-pro-max,34.72,1.18
user_e5a7d0aa,2025-04-24 05:32:06,994.19,"London, UK",pixel-6,77.13,1.27
user_e5a7d0aa,2025-04-23 06:48:06,1134.59,"New York, USA",samsung-s23,71.74,1.05
user_e5a7d0aa,2025-04-22 16:06:06,652.04,"London, UK",pixel-6,72.8,0.79
user_e5a7d0aa,2025-04-26 07:46:06,3046.82,"London, UK",iphone14-pro-max,79.11,0.71
user_e5a7d0aa,2025-04-27 05:44:06,1909.3,"Paris, France",samsung-s23,31.63,1.12
user_e5a7d0aa,2025-04-26 06:36:06,412.98,"London, UK",ipad-pro,63.07,1.25
user_e5a7d0aa,2025-04-28 05:31:06,4484.57,"Los Angeles, USA",iphone14-pro-max,42.52,1.26
user_e5a7d0aa,2025-04-24 11:19:06,4693.37,"Mumbai, India",samsung-s23,32.96,1.25
user_e5a7d0aa,2025-04-26 16:39:06,1019.11,"New York, USA",iphone14-pro-max,42.78,0.94
user_e5a7d0aa,2025-04-28 14:54:06,2486.76,"Paris, France",iphone14-pro-max,43.58,1.02
user_e5a7d0aa,2025-04-24 18:28:06,1026.71,"Mumbai, India",iphone14-pro-max,39.5,1.42
user_e5a7d0aa,2025-04-26 23:56:06,2401.57,"Mumbai, India",samsung-s23,72.96,1.43
user_e5a7d0aa,2025-04-23 17:12:06,1314.88,"London, UK",ipad-pro,47.82,1.11
user_e5a7d0aa,2025-04-22 13:57:06,3725.31,"Mumbai, India",samsung-s23,41.99,0.79
user_e5a7d0aa,2025-04-28 10:41:06,633.21,"New York, USA",samsung-s23,49.53,1.03
user_e5a7d0aa,2025-04-23 21:25:06,4371.29,"Mumbai, India",iphone14-pro-max,68.59,1.31
user_e5a7d0aa,2025-04-29 01:24:06,1385.1,"Mumbai, India",iphone14-pro-max,62.34,1.21
user_e5a7d0aa,2025-04-26 22:33:06,3076.54,"New York, USA",ipad-pro,63.23,1.04
user_e5a7d0aa,2025-04-23 14:04:06,4735.89,"New York, USA",macbook-air,79.08,0.55
user_e5a7d0aa,2025-04-25 13:46:06,975.07,"Mumbai, India",pixel-6,49.19,1.31
user_f581c1d6,2025-04-26 06:06:06,4048.98,"Los Angeles, USA",pixel-6,51.46,0.61
user_f581c1d6,2025-04-27 20:39:06,1444.82,"New York, USA",iphone14-pro-max,71.76,1.47
user_f581c1d6,2025-04-23 22:08:06,3781.63,"New York, USA",samsung-s23,56.61,0.67
user_f581c1d6,2025-04-23 23:02:06,2178.54,"Paris, France",iphone14-pro-max,59.04,0.61
user_f581c1d6,2025-04-26 05:21:06,1639.91,"Mumbai, India",iphone14-pro-max,37.14,0.83
user_f581c1d6,2025-04-27 15:08:06,3490.35,"London, UK",macbook-air,34.24,1.43
user_f581c1d6,2025-04-28 23:45:06,3706.12,"Mumbai, India",ipad-pro,77.84,0.78
user_f581c1d6,2025-04-24 19:58:06,883.91,"London, UK",pixel-6,65.3,0.63
user_f581c1d6,2025-04-27 21:19:06,2908.37,"New York, USA",macbook-air,69.84,0.65
user_f581c1d6,2025-04-22 14:19:06,1223.15,"Los Angeles, USA",samsung-s23,65.21,1.33
user_f581c1d6,2025-04-26 00:12:06,2962.97,"London, UK",macbook-air,42.48,0.83
user_f581c1d6,2025-04-22 13:50:06,878.59,"New York, USA",pixel-6,69.57,0.85
user_f581c1d6,2025-04-24 15:12:06,3355.58,"Mumbai, India",ipad-pro,39.14,1.3
user_f581c1d6,2025-04-27 10:55:06,3866.73,"London, UK",ipad-pro,39.55,0.59
user_f581c1d6,2025-04-24 23:45:06,4889.17,"New York, USA",macbook-air,77.15,0.8
user_f581c1d6,2025-04-28 13:51:06,618.4,"Paris, France",samsung-s23,56.63,1.02
user_f581c1d6,2025-04-27 13:27:06,2647.07,"New York, USA",macbook-air,39.99,0.92
user_f581c1d6,2025-04-25 03:37:06,1817.24,"Mumbai, India",samsung-s23,43.15,0.92
user_f581c1d6,2025-04-23 22:30:06,1861.8,"Paris, France",ipad-pro,52.51,1.02
user_f581c1d6,2025-04-26 17:55:06,678.65,"Los Angeles, USA",macbook-air,66.07,1.12
user_c6f3e599,2025-04-26 07:14:06,4245.34,"London, UK",samsung-s23,60.53,1.08
user_c6f3e599,2025-04-25 13:10:06,2845.75,"Paris, France",iphone14-pro-max,78.47,1.45
user_c6f3e599,2025-04-24 14:12:06,4547.11,"Paris, France",pixel-6,78.99,0.58
user_c6f3e599,2025-04-26 18:03:06,2866.4,"London, UK",iphone14-pro-max,46.18,0.89
user_c6f3e599,2025-04-22 06:46:06,130.36,"New York, USA",samsung-s23,74.33,0.54
user_c6f3e599,2025-04-26 23:08:06,3337.8,"New York, USA",iphone14-pro-max,57.79,1.0
user_c6f3e599,2025-04-27 10:55:06,964.72,"Paris, France",ipad-pro,36.92,0.76
user_c6f3e599,2025-04-28 19:56:06,3527.32,"London, UK",macbook-air,47.94,1.08
user_c6f3e599,2025-04-26 05:48:06,777.71,"New York, USA",iphone14-pro-max,50.67,1.04
user_c6f3e599,2025-04-23 05:11:06,4661.58,"New York, USA",ipad-pro,37.7,1.5
user_c6f3e599,2025-04-27 20:23:06,1827.69,"Los Angeles, USA",iphone14-pro-max,39.38,0.9
user_c6f3e599,2025-04-24 20:17:06,3137.92,"Mumbai, India",ipad-pro,64.33,0.83
user_c6f3e599,2025-04-23 11:42:06,2990.97,"London, UK",samsung-s23,79.23,0.53
user_c6f3e599,2025-04-28 16:41:06,2163.81,"London, UK",macbook-air,50.93,0.56
user_c6f3e599,2025-04-22 03:10:06,1380.79,"Mumbai, India",ipad-pro,78.85,0.9
user_c6f3e599,2025-04-26 00:14:06,3726.38,"New York, USA",macbook-air,34.85,0.69
user_c6f3e599,2025-04-23 17:58:06,4362.45,"Paris, France",pixel-6,58.25,1.24
user_c6f3e599,2025-04-26 08:25:06,3769.97,"Mumbai, India",macbook-air,75.44,0.78
user_c6f3e599,2025-04-25 17:32:06,2499.01,"London, UK",iphone14-pro-max,48.3,0.69
user_c6f3e599,2025-04-26 11:51:06,3677.52,"Los Angeles, USA",pixel-6,52.99,1.04
user_b724df15,2025-04-25 22:07:06,1741.32,"London, UK",iphone14-pro-max,62.01,1.49
user_b724df15,2025-04-27 13:07:06,195.63,"London, UK",ipad-pro,77.3,0.77
user_b724df15,2025-04-23 08:11:06,3915.92,"London, UK",pixel-6,72.56,0.82
user_b724df15,2025-04-22 08:33:06,4381.36,"Paris, France",iphone14-pro-max,76.34,0.6
user_b724df15,2025-04-22 12:49:06,235.28,"New York, USA",pixel-6,35.68,0.8
user_b724df15,2025-04-24 14:30:06,3520.9,"Paris, France",ipad-pro,46.62,0.72
user_b724df15,2025-04-28 19:47:06,1645.46,"New York, USA",pixel-6,72.94,1.19
user_b724df15,2025-04-24 07:38:06,4070.89,"London, UK",macbook-air,33.41,1.02
user_b724df15,2025-04-26 08:46:06,4638.41,"London, UK",macbook-air,43.91,0.81
user_b724df15,2025-04-23 17:47:06,732.52,"New York, USA",samsung-s23,69.63,1.12
user_b724df15,2025-04-27 20:06:06,847.84,"Paris, France",ipad-pro,67.19,0.94
user_b724df15,2025-04-25 21:02:06,4086.58,"New York, USA",ipad-pro,44.97,1.24
user_b724df15,2025-04-25 02:26:06,3942.7,"Los Angeles, USA",macbook-air,34.02,0.93
user_b724df15,2025-04-22 20:48:06,4415.95,"Los Angeles, USA",ipad-pro,68.98,0.57
user_b724df15,2025-04-22 16:43:06,2855.15,"Los Angeles, USA",macbook-air,55.12,1.15
user_b724df15,2025-04-25 09:58:06,2494.69,"London, UK",samsung-s23,77.96,0.62
user_b724df15,2025-04-23 20:57:06,2409.2,"Paris, France",pixel-6,34.79,0.59
user_b724df15,2025-04-23 23:32:06,2705.17,"London, UK",macbook-air,51.42,1.08
user_b724df15,2025-04-25 07:21:06,3076.33,"Mumbai, India",macbook-air,67.18,1.15
user_b724df15,2025-04-23 16:26:06,3570.36,"New York, USA",pixel-6,48.63,1.43
user_4ce9babc,2025-04-22 12:27:06,2989.1,"Los Angeles, USA",samsung-s23,32.02,1.16
user_4ce9babc,2025-04-24 06:47:06,710.7,"Paris, France",ipad-pro,62.08,1.38
user_4ce9babc,2025-04-24 22:16:06,2831.5,"London, UK",samsung-s23,78.43,1.38
user_4ce9babc,2025-04-25 15:57:06,873.9,"Paris, France",iphone14-pro-max,53.34,0.98
user_4ce9babc,2025-04-25 07:58:06,609.67,"Paris, France",samsung-s23,71.09,1.45
user_4ce9babc,2025-04-25 19:29:06,3214.61,"Mumbai, India",macbook-air,72.75,0.69
user_4ce9babc,2025-04-28 15:40:06,3507.41,"Mumbai, India",ipad-pro,77.47,0.78
user_4ce9babc,2025-04-23 22:30:06,2559.09,"New York, USA",macbook-air,36.08,0.83
user_4ce9babc,2025-04-26 04:50:06,1949.14,"Paris, France",macbook-air,71.89,0.88
user_4ce9babc,2025-04-23 14:26:06,1347.26,"New York, USA",iphone14-pro-max,35.35,1.02
user_4ce9babc,2025-04-23 23:34:06,1431.55,"Paris, France",samsung-s23,74.05,0.68
user_4ce9babc,2025-04-24 04:49:06,4362.41,"New York, USA",pixel-6,64.18,0.66
user_4ce9babc,2025-04-23 03:51:06,3708.39,"London, UK",samsung-s23,32.8,1.33
user_4ce9babc,2025-04-23 05:32:06,962.47,"Mumbai, India",ipad-pro,36.84,0.99
user_4ce9babc,2025-04-24 15:37:06,326.7,"Los Angeles, USA",samsung-s23,43.35,0.86
user_4ce9babc,2025-04-28 07:54:06,1097.14,"London, UK",macbook-air,30.38,1.32
user_4ce9babc,2025-04-25 15:50:06,4411.99,"Mumbai, India",pixel-6,57.79,1.32
user_4ce9babc,2025-04-28 14:19:06,3105.57,"Paris, France",iphone14-pro-max,48.66,0.6
user_4ce9babc,2025-04-27 16:06:06,2595.15,"New York, USA",pixel-6,33.75,1.37
user_4ce9babc,2025-04-24 16:00:06,2725.21,"London, UK",iphone14-pro-max,68.06,0.51
user_fbfc3022,2025-04-22 23:53:06,1515.29,"Mumbai, India",samsung-s23,31.82,1.44
user_fbfc3022,2025-04-23 09:36:06,1463.77,"Mumbai, India",iphone14-pro-max,46.43,1.14
user_fbfc3022,2025-04-25 14:20:06,1450.16,"London, UK",ipad-pro,55.99,1.19
user_fbfc3022,2025-04-22 05:53:06,4520.2,"Mumbai, India",macbook-air,38.39,0.78
user_fbfc3022,2025-04-24 04:09:06,2916.34,"Los Angeles, USA",pixel-6,51.43,0.67
user_fbfc3022,2025-04-27 09:35:06,643.56,"London, UK",ipad-pro,60.72,0.51
user_fbfc3022,2025-04-25 22:19:06,2618.51,"Los Angeles, USA",iphone14-pro-max,72.68,0.84
user_fbfc3022,2025-04-28 07:51:06,4686.49,"Mumbai, India",ipad-pro,31.87,0.53
user_fbfc3022,2025-04-24 03:14:06,4318.44,"Paris, France",ipad-pro,56.04,1.07
user_fbfc3022,2025-04-25 04:38:06,4018.72,"Paris, France",macbook-air,45.16,0.63
user_fbfc3022,2025-04-28 10:40:06,357.47,"Mumbai, India",pixel-6,74.85,1.04
user_fbfc3022,2025-04-24 02:44:06,3155.55,"London, UK",iphone14-pro-max,67.41,1.19
user_fbfc3022,2025-04-26 15:36:06,4878.53,"Mumbai, India",samsung-s23,33.37,0.97
user_fbfc3022,2025-04-27 15:39:06,4661.23,"London, UK",iphone14-pro-max,39.68,0.54
user_fbfc3022,2025-04-25 20:05:06,1227.79,"Los Angeles, USA",iphone14-pro-max,76.01,0.82
user_fbfc3022,2025-04-26 13:21:06,4002.41,"Mumbai, India",macbook-air,42.32,0.92
user_fbfc3022,2025-04-26 20:58:06,1347.21,"London, UK",iphone14-pro-max,46.11,0.84
user_fbfc3022,2025-04-28 00:32:06,2371.16,"New York, USA",pixel-6,34.48,0.76
user_fbfc3022,2025-04-23 22:54:06,1205.67,"Mumbai, India",samsung-s23,36.21,1.02
user_fbfc3022,2025-04-23 01:02:06,2565.15,"New York, USA",ipad-pro,59.39,1.01
user_a7bd9f15,2025-04-28 12:38:06,3450.97,"London, UK",macbook-air,67.76,1.06
user_a7bd9f15,2025-04-25 18:24:06,1442.82,"London, UK",samsung-s23,37.44,1.32
user_a7bd9f15,2025-04-27 05:02:06,4145.6,"Paris, France",iphone14-pro-max,38.93,0.89
user_a7bd9f15,2025-04-24 03:35:06,1281.56,"Paris, France",samsung-s23,66.57,1.19
user_a7bd9f15,2025-04-22 07:12:06,1813.84,"New York, USA",ipad-pro,48.57,0.87
user_a7bd9f15,2025-04-24 03:15:06,1724.82,"Paris, France",samsung-s23,57.0,1.07
user_a7bd9f15,2025-04-28 08:06:06,4220.17,"New York, USA",ipad-pro,40.13,1.02
user_a7bd9f15,2025-04-22 17:46:06,4171.76,"Paris, France",ipad-pro,39.93,0.56
user_a7bd9f15,2025-04-25 07:32:06,2132.71,"London, UK",iphone14-pro-max,34.34,0.79
user_a7bd9f15,2025-04-27 05:41:06,4476.84,"New York, USA",pixel-6,57.97,0.61
user_a7bd9f15,2025-04-25 10:55:06,1085.97,"Los Angeles, USA",iphone14-pro-max,34.86,0.82
user_a7bd9f15,2025-04-22 22:44:06,3503.59,"Los Angeles, USA",ipad-pro,74.55,0.64
user_a7bd9f15,2025-04-26 02:27:06,4913.78,"Paris, France",ipad-pro,48.6,1.44
user_a7bd9f15,2025-04-27 12:00:06,451.94,"London, UK",samsung-s23,48.05,1.39
user_a7bd9f15,2025-04-28 02:22:06,2482.9,"Mumbai, India",samsung-s23,67.39,1.31
user_a7bd9f15,2025-04-24 14:59:06,351.65,"Mumbai, India",macbook-air,48.36,1.49
user_a7bd9f15,2025-04-25 19:24:06,2637.03,"London, UK",ipad-pro,39.53,1.18
user_a7bd9f15,2025-04-22 16:46:06,180.19,"London, UK",macbook-air,68.72,1.25
user_a7bd9f15,2025-04-23 15:49:06,3180.64,"Paris, France",ipad-pro,55.22,1.13
user_a7bd9f15,2025-04-22 21:30:06,4747.83,"Los Angeles, USA",pixel-6,40.28,1.31
user_9917ad37,2025-04-28 01:24:06,4386.65,"London, UK",pixel-6,60.54,0.66
user_9917ad37,2025-04-27 14:25:06,4646.13,"London, UK",iphone14-pro-max,38.67,1.26
user_9917ad37,2025-04-25 08:44:06,3682.76,"New York, USA",samsung-s23,44.8,0.75
user_9917ad37,2025-04-27 08:11:06,568.81,"London, UK",iphone14-pro-max,55.4,1.03
user_9917ad37,2025-04-25 17:54:06,3256.42,"Los Angeles, USA",pixel-6,77.02,0.64
user_9917ad37,2025-04-22 07:25:06,1459.02,"New York, USA",iphone14-pro-max,69.62,1.27
user_9917ad37,2025-04-28 22:50:06,2521.02,"Mumbai, India",pixel-6,55.68,1.02
user_9917ad37,2025-04-22 07:06:06,122.28,"Los Angeles, USA",pixel-6,33.89,0.7
user_9917ad37,2025-04-25 09:29:06,3749.45,"Mumbai, India",samsung-s23,74.03,1.0
user_9917ad37,2025-04-22 06:33:06,4249.5,"New York, USA",iphone14-pro-max,64.71,0.63
user_9917ad37,2025-04-22 21:10:06,395.9,"Paris, France",pixel-6,76.09,1.21
user_9917ad37,2025-04-22 03:58:06,2195.45,"London, UK",iphone14-pro-max,38.75,0.67
user_9917ad37,2025-04-22 06:49:06,2285.7,"New York, USA",macbook-air,35.59,1.31
user_9917ad37,2025-04-23 03:30:06,1459.85,"Paris, France",macbook-air,50.91,0.72
user_9917ad37,2025-04-22 18:16:06,2438.76,"London, UK",pixel-6,52.5,0.78
user_9917ad37,2025-04-26 06:14:06,420.28,"New York, USA",ipad-pro,40.95,0.84
user_9917ad37,2025-04-27 04:36:06,4997.79,"London, UK",pixel-6,64.05,0.7
user_9917ad37,2025-04-28 17:47:06,3441.12,"Mumbai, India",samsung-s23,47.38,1.16
user_9917ad37,2025-04-28 07:11:06,2637.78,"Mumbai, India",macbook-air,39.1,1.05
user_9917ad37,2025-04-22 16:06:06,787.52,"Paris, France",iphone14-pro-max,38.47,0.81
user_f8c83918,2025-04-22 15:41:06,1524.57,"London, UK",pixel-6,37.07,0.53
user_f8c83918,2025-04-22 07:06:06,1228.84,"New York, USA",ipad-pro,51.88,0.79
user_f8c83918,2025-04-25 16:30:06,4709.54,"Mumbai, India",samsung-s23,48.15,1.3
user_f8c83918,2025-04-27 13:19:06,4094.04,"New York, USA",macbook-air,70.83,0.54
user_f8c83918,2025-04-24 18:39:06,4806.22,"Los Angeles, USA",iphone14-pro-max,66.36,1.31
user_f8c83918,2025-04-26 15:35:06,4939.15,"Mumbai, India",samsung-s23,37.16,1.07
user_f8c83918,2025-04-24 05:30:06,3987.34,"Paris, France",samsung-s23,77.47,1.31
user_f8c83918,2025-04-28 00:10:06,986.33,"Paris, France",ipad-pro,50.83,0.7
user_f8c83918,2025-04-25 17:52:06,1595.7,"London, UK",iphone14-pro-max,44.24,1.1
user_f8c83918,2025-04-22 17:22:06,165.53,"New York, USA",ipad-pro,56.32,0.87
user_f8c83918,2025-04-22 15:09:06,1151.2,"Mumbai, India",pixel-6,78.09,1.04
user_f8c83918,2025-04-24 16:44:06,2390.89,"Los Angeles, USA",ipad-pro,33.68,1.06
user_f8c83918,2025-04-26 04:18:06,2095.61,"London, UK",ipad-pro,59.93,0.77
user_f8c83918,2025-04-23 09:51:06,3348.64,"London, UK",pixel-6,61.9,0.65
user_f8c83918,2025-04-23 20:49:06,1947.17,"London, UK",samsung-s23,69.53,0.88
user_f8c83918,2025-04-23 20:18:06,3465.77,"Paris, France",samsung-s23,59.26,1.0
user_f8c83918,2025-04-25 09:20:06,3615.06,"London, UK",macbook-air,74.22,1.48
user_f8c83918,2025-04-25 00:30:06,1143.34,"Mumbai, India",pixel-6,31.17,1.21
user_f8c83918,2025-04-24 05:24:06,1498.8,"New York, USA",iphone14-pro-max,61.6,1.33
user_f8c83918,2025-04-27 22:19:06,1663.96,"Paris, France",samsung-s23,74.33,0.96
user_6f17bb02,2025-04-26 06:00:06,619.94,"Paris, France",iphone14-pro-max,40.83,0.94
user_6f17bb02,2025-04-27 16:22:06,915.9,"Paris, France",samsung-s23,67.86,1.14
user_6f17bb02,2025-04-22 04:20:06,4194.61,"London, UK",ipad-pro,51.64,1.11
user_6f17bb02,2025-04-22 20:01:06,3027.82,"Paris, France",samsung-s23,45.93,0.87
user_6f17bb02,2025-04-25 04:26:06,929.22,"New York, USA",samsung-s23,69.3,1.43
user_6f17bb02,2025-04-22 22:59:06,2171.22,"Los Angeles, USA",iphone14-pro-max,71.36,0.86
user_6f17bb02,2025-04-23 00:28:06,3228.99,"Mumbai, India",macbook-air,48.08,0.81
user_6f17bb02,2025-04-24 20:08:06,1408.97,"Paris, France",pixel-6,32.34,1.24
user_6f17bb02,2025-04-23 06:06:06,3651.44,"London, UK",macbook-air,45.12,1.1
user_6f17bb02,2025-04-26 07:59:06,1368.97,"Paris, France",ipad-pro,57.7,1.34
user_6f17bb02,2025-04-23 22:36:06,792.01,"New York, USA",iphone14-pro-max,61.17,1.01
user_6f17bb02,2025-04-24 01:13:06,4001.49,"London, UK",macbook-air,41.11,0.52
user_6f17bb02,2025-04-25 10:52:06,4759.25,"Mumbai, India",samsung-s23,62.75,0.8
user_6f17bb02,2025-04-25 13:12:06,3758.59,"Paris, France",iphone14-pro-max,71.97,1.02
user_6f17bb02,2025-04-23 15:13:06,3452.45,"Los Angeles, USA",iphone14-pro-max,66.43,0.71
user_6f17bb02,2025-04-25 18:11:06,4210.7,"London, UK",macbook-air,39.18,1.47
user_6f17bb02,2025-04-23 07:29:06,4665.7,"Mumbai, India",ipad-pro,51.49,0.67
user_6f17bb02,2025-04-23 00:23:06,1235.01,"Paris, France",macbook-air,53.13,0.53
user_6f17bb02,2025-04-26 06:21:06,2114.3,"Paris, France",macbook-air,63.44,1.0
user_6f17bb02,2025-04-22 21:42:06,2922.88,"Mumbai, India",ipad-pro,78.2,1.04
user_2c326e81,2025-04-24 13:52:06,4385.93,"Mumbai, India",macbook-air,40.3,0.74
user_2c326e81,2025-04-24 16:43:06,2067.92,"New York, USA",samsung-s23,74.95,1.01
user_2c326e81,2025-04-26 01:49:06,1594.64,"Los Angeles, USA",samsung-s23,61.16,0.68
user_2c326e81,2025-04-28 23:01:06,2992.01,"Los Angeles, USA",ipad-pro,32.45,1.48
user_2c326e81,2025-04-22 06:03:06,1269.82,"New York, USA",pixel-6,51.1,0.64
user_2c326e81,2025-04-26 00:35:06,424.03,"Paris, France",samsung-s23,63.01,1.09
user_2c326e81,2025-04-27 14:43:06,896.33,"Paris, France",ipad-pro,42.04,1.17
user_2c326e81,2025-04-23 15:07:06,2537.87,"London, UK",samsung-s23,47.18,1.15
user_2c326e81,2025-04-26 18:26:06,552.32,"Los Angeles, USA",pixel-6,46.87,1.2
user_2c326e81,2025-04-23 05:12:06,2804.72,"New York, USA",macbook-air,41.96,1.43
user_2c326e81,2025-04-22 07:49:06,3722.66,"Paris, France",macbook-air,48.16,0.78
user_2c326e81,2025-04-28 15:05:06,2325.69,"Mumbai, India",pixel-6,37.55,0.9
user_2c326e81,2025-04-22 21:47:06,2975.66,"New York, USA",pixel-6,50.98,1.06
user_2c326e81,2025-04-26 02:43:06,3097.93,"Los Angeles, USA",pixel-6,62.26,0.57
user_2c326e81,2025-04-25 16:06:06,3604.66,"Los Angeles, USA",macbook-air,46.3,1.33
user_2c326e81,2025-04-26 10:41:06,597.72,"New York, USA",samsung-s23,75.84,1.2
user_2c326e81,2025-04-26 10:06:06,3281.8,"Los Angeles, USA",samsung-s23,38.14,0.98
user_2c326e81,2025-04-26 04:59:06,649.9,"New York, USA",pixel-6,60.55,0.71
user_2c326e81,2025-04-23 15:06:06,1944.93,"Mumbai, India",ipad-pro,49.5,1.26
user_2c326e81,2025-04-25 13:51:06,2950.27,"Paris, France",samsung-s23,59.67,0.76
user_7f28939c,2025-04-29 01:24:06,476.86,"New York, USA",macbook-air,45.42,1.42
user_7f28939c,2025-04-25 08:27:06,3279.72,"London, UK",iphone14-pro-max,37.15,1.4
user_7f28939c,2025-04-22 09:03:06,282.9,"Los Angeles, USA",macbook-air,61.21,0.91
user_7f28939c,2025-04-28 05:19:06,4481.82,"Paris, France",samsung-s23,65.07,1.13
user_7f28939c,2025-04-22 06:17:06,980.38,"New York, USA",ipad-pro,58.66,1.03
user_7f28939c,2025-04-22 06:37:06,2297.71,"Los Angeles, USA",macbook-air,62.8,0.7
user_7f28939c,2025-04-27 12:27:06,4688.19,"Paris, France",macbook-air,32.56,0.84
user_7f28939c,2025-04-22 19:16:06,4193.64,"Mumbai, India",iphone14-pro-max,48.75,1.2
user_7f28939c,2025-04-22 18:32:06,1074.46,"Paris, France",pixel-6,49.93,1.39
user_7f28939c,2025-04-26 10:09:06,141.73,"New York, USA",samsung-s23,53.48,1.06
user_7f28939c,2025-04-23 03:46:06,4616.48,"New York, USA",iphone14-pro-max,77.41,0.76
user_7f28939c,2025-04-25 16:09:06,1095.21,"Los Angeles, USA",samsung-s23,30.02,0.58
user_7f28939c,2025-04-27 01:15:06,2812.56,"Paris, France",samsung-s23,40.95,0.64
user_7f28939c,2025-04-25 05:26:06,2406.13,"Los Angeles, USA",samsung-s23,42.26,0.63
user_7f28939c,2025-04-26 08:16:06,3827.99,"Mumbai, India",macbook-air,41.87,0.87
user_7f28939c,2025-04-24 11:30:06,781.81,"New York, USA",pixel-6,35.55,0.54
user_7f28939c,2025-04-25 18:37:06,1526.09,"Mumbai, India",iphone14-pro-max,42.49,1.29
user_7f28939c,2025-04-28 21:28:06,4225.27,"Los Angeles, USA",pixel-6,43.44,1.28
user_7f28939c,2025-04-25 12:40:06,3008.61,"New York, USA",ipad-pro,67.58,0.75
user_7f28939c,2025-04-27 23:17:06,3995.9,"Mumbai, India",macbook-air,77.55,1.36
user_be68b37a,2025-04-23 09:48:06,2665.44,"Mumbai, India",pixel-6,71.99,1.18
user_be68b37a,2025-04-24 19:25:06,3558.16,"New York, USA",ipad-pro,43.04,1.27
user_be68b37a,2025-04-28 21:38:06,1028.04,"London, UK",ipad-pro,34.07,0.67
user_be68b37a,2025-04-25 17:40:06,3760.42,"London, UK",ipad-pro,63.15,0.75
user_be68b37a,2025-04-28 20:54:06,1066.89,"Paris, France",samsung-s23,76.21,1.34
user_be68b37a,2025-04-23 03:50:06,3631.53,"New York, USA",macbook-air,34.33,0.93
user_be68b37a,2025-04-28 07:15:06,1690.22,"Los Angeles, USA",iphone14-pro-max,34.52,1.34
user_be68b37a,2025-04-25 17:45:06,2342.78,"Paris, France",macbook-air,40.94,0.92
user_be68b37a,2025-04-23 17:06:06,4773.99,"Paris, France",iphone14-pro-max,59.77,0.54
user_be68b37a,2025-04-24 14:10:06,828.76,"Mumbai, India",ipad-pro,75.57,1.15
user_be68b37a,2025-04-23 17:33:06,4676.38,"New York, USA",ipad-pro,71.24,1.32
user_be68b37a,2025-04-23 17:01:06,3999.12,"New York, USA",ipad-pro,65.15,0.91
user_be68b37a,2025-04-27 10:32:06,665.52,"New York, USA",macbook-air,46.9,1.36
user_be68b37a,2025-04-22 14:43:06,1113.54,"Mumbai, India",macbook-air,76.67,1.47
user_be68b37a,2025-04-26 13:27:06,1999.04,"Mumbai, India",ipad-pro,47.08,1.48
user_be68b37a,2025-04-28 13:34:06,3065.98,"Los Angeles, USA",pixel-6,33.72,0.88
user_be68b37a,2025-04-22 15:07:06,3119.41,"New York, USA",ipad-pro,71.64,0.74
user_be68b37a,2025-04-24 21:29:06,3798.84,"Paris, France",ipad-pro,38.96,1.28
user_be68b37a,2025-04-28 00:04:06,1273.15,"Los Angeles, USA",ipad-pro,76.89,1.21
user_be68b37a,2025-04-27 15:28:06,1961.99,"New York, USA",pixel-6,37.33,1.19
